03.07.2016 19:20:40,UV: 15;
03.07.2016 19:20:40, Vorhermessung;
03.07.2016 19:20:56,   ; 627    ; 12,29402;
03.07.2016 19:20:56,   ; 622    ; 11,50155;
03.07.2016 19:20:57,   ; 620    ; 10,19804;
03.07.2016 19:20:57,   ; 622    ; 10,21204;
03.07.2016 19:20:58,   ; 623    ; 9,699042;
03.07.2016 19:20:59,   ; 624    ; 9,464218;
03.07.2016 19:20:59,   ; 626    ; 9,292854;
03.07.2016 19:21:00,   ; 628    ; 8,635475;
03.07.2016 19:21:01,   ; 630    ; 8,035635;
03.07.2016 19:21:01,   ; 624    ; 7,910211;
03.07.2016 19:21:02,   ; 616    ; 6,819091;
03.07.2016 19:21:02,   ; 613    ; 5,147815;
03.07.2016 19:21:03,   ; 609    ; 4,913538;
03.07.2016 19:21:04,   ; 605    ; 4,765951;
03.07.2016 19:21:04,   ; 599    ; 4,41588;
03.07.2016 19:21:05,   ; 594    ; 4,217311;
03.07.2016 19:21:05,   ; 592    ; 4,035556;
03.07.2016 19:21:06,   ; 594    ; 4,035556;
03.07.2016 19:21:06,   ; 594    ; 4;
03.07.2016 19:21:07,   ; 599    ; 4,208834;
03.07.2016 19:21:08,   ; 612    ; 5,451081;
03.07.2016 19:21:08,   ; 625    ; 6,44205;
03.07.2016 19:21:10,   ; 625    ; 6,419836;
03.07.2016 19:21:10,   ; 623    ; 6,419836;
03.07.2016 19:21:11,   ; 621    ; 6,239276;
03.07.2016 19:21:12,   ; 619    ; 5,885818;
03.07.2016 19:21:12,   ; 609    ; 6,41427;
03.07.2016 19:21:13,   ; 604    ; 6,464187;
03.07.2016 19:21:13,   ; 600    ; 6,464187;
03.07.2016 19:21:14,   ; 604    ; 6,352727;
03.07.2016 19:21:15,   ; 613    ; 6,660116;
03.07.2016 19:21:15,   ; 620    ; 6,897204;
03.07.2016 19:21:16,   ; 629    ; 7,285014;
03.07.2016 19:21:16,   ; 633    ; 7,363035;
03.07.2016 19:21:17,   ; 627    ; 7,416198;
03.07.2016 19:21:18,   ; 629    ; 6,573757;
03.07.2016 19:21:18,   ; 628    ; 5,586975;
03.07.2016 19:21:19,   ; 634    ; 5,812548;
03.07.2016 19:21:20,   ; 639    ; 5,940178;
03.07.2016 19:21:20,   ; 643    ; 6,011893;
03.07.2016 19:21:21,   ; 646    ; 6,041523;
03.07.2016 19:21:21,   ; 646    ; 5,418223;
03.07.2016 19:21:22,   ; 636    ; 5,891883;
03.07.2016 19:21:23,   ; 629    ; 6,088631;
03.07.2016 19:21:23,   ; 630    ; 6;
03.07.2016 19:21:24,   ; 632    ; 5,52268;
03.07.2016 19:21:24,   ; 634    ; 5,223573;
03.07.2016 19:21:25,   ; 635    ; 4,644505;
03.07.2016 19:21:26,   ; 634    ; 4,527693;
03.07.2016 19:21:26,   ; 629    ; 4,440077;
03.07.2016 19:21:27,   ; 625    ; 4,535573;
03.07.2016 19:21:28,   ; 620    ; 4,720775;
03.07.2016 19:21:28,   ; 623    ; 4,511889;
03.07.2016 19:21:29,   ; 632    ; 4,935296;
03.07.2016 19:21:29,   ; 639    ; 5,168586;
03.07.2016 19:21:30,   ; 651    ; 6,029688;
03.07.2016 19:21:31,   ; 657    ; 6,239276;
03.07.2016 19:21:31,   ; 653    ; 5,738342;
03.07.2016 19:21:32,   ; 646    ; 5,738342;
03.07.2016 19:21:33,   ; 638    ; 6,117889;
03.07.2016 19:21:33,   ; 635    ; 6,147008;
03.07.2016 19:21:34,   ; 634    ; 6,129554;
03.07.2016 19:21:34,   ; 636    ; 6,147008;
03.07.2016 19:21:35,   ; 645    ; 6,595453;
03.07.2016 19:21:36,   ; 647    ; 6,480741;
03.07.2016 19:21:36,   ; 640    ; 6,660116;
03.07.2016 19:21:37,   ; 633    ; 6,787594;
03.07.2016 19:21:38,   ; 630    ; 6,787594;
03.07.2016 19:21:38,   ; 632    ; 6,369571;
03.07.2016 19:21:39,   ; 635    ; 6,141196;
03.07.2016 19:21:39,   ; 638    ; 5,298248;
03.07.2016 19:21:40,   ; 638    ; 5,049752;
03.07.2016 19:21:41,   ; 637    ; 4,942527;
03.07.2016 19:21:41,   ; 633    ; 4,698024;
03.07.2016 19:21:42,   ; 630    ; 4,259443;
03.07.2016 19:21:43,   ; 631    ; 4,191829;
03.07.2016 19:21:43,   ; 636    ; 4,391551;
03.07.2016 19:21:44,   ; 640    ; 4,48808;
03.07.2016 19:21:44,   ; 641    ; 3,798496;
03.07.2016 19:21:45,   ; 641    ; 3,760699;
03.07.2016 19:21:46,   ; 638    ; 3,359422;
03.07.2016 19:21:46,   ; 633    ; 3,093773;
03.07.2016 19:21:47,   ; 635    ; 3,035504;
03.07.2016 19:21:47,   ; 637    ; 3,035504;
03.07.2016 19:21:48,   ; 641    ; 3,116775;
03.07.2016 19:21:49,   ; 641    ; 3,011881;
03.07.2016 19:21:49,   ; 640    ; 3,023716;
03.07.2016 19:21:50,   ; 641    ; 3,023716;
03.07.2016 19:21:51,   ; 640    ; 2,841026;
03.07.2016 19:21:51,   ; 631    ; 3,635146;
03.07.2016 19:21:52,   ; 624    ; 4,079566;
03.07.2016 19:21:52,   ; 622    ; 3,891382;
03.07.2016 19:21:53,   ; 627    ; 3,973124;
03.07.2016 19:21:54,   ; 632    ; 4,1833;
03.07.2016 19:21:54,   ; 637    ; 4,391551;
03.07.2016 19:21:55,   ; 639    ; 4,350698;
03.07.2016 19:21:56,   ; 637    ; 4,174754;
03.07.2016 19:21:56,   ; 636    ; 4,14901;
03.07.2016 19:21:57,   ; 635    ; 4,123106;
03.07.2016 19:21:57,   ; 632    ; 4,062019;
03.07.2016 19:21:58,   ; 635    ; 4,140393;
03.07.2016 19:21:59,   ; 633    ; 4,166191;
03.07.2016 19:21:59,   ; 633    ; 4,157609;
03.07.2016 19:22:00,   ; 632    ; 4,157609;
03.07.2016 19:22:00,   ; 627    ; 3,644957;
03.07.2016 19:22:01,   ; 623    ; 3,305839;
03.07.2016 19:22:02,   ; 620    ; 3,359422;
03.07.2016 19:22:02,   ; 619    ; 3,093773;
03.07.2016 19:22:03,   ; 621    ; 2,841026;
03.07.2016 19:22:04,   ; 628    ; 3,128213;
03.07.2016 19:22:04,   ; 631    ; 3,184785;
03.07.2016 19:22:05,   ; 634    ; 3,24037;
03.07.2016 19:22:05,   ; 634    ; 3,22933;
03.07.2016 19:22:06,   ; 633    ; 3,22933;
03.07.2016 19:22:07,   ; 635    ; 3,173551;
03.07.2016 19:22:07,   ; 637    ; 3,116775;
03.07.2016 19:22:08,   ; 638    ; 3,082207;
03.07.2016 19:22:08,   ; 644    ; 3,474396;
03.07.2016 19:22:09,   ; 642    ; 3,505098;
03.07.2016 19:22:10,   ; 641    ; 3,251373;
03.07.2016 19:22:10,   ; 631    ; 4,070802;
03.07.2016 19:22:11,   ; 624    ; 4,407785;
03.07.2016 19:22:12,   ; 617    ; 4,780914;
03.07.2016 19:22:12,   ; 617    ; 4,75094;
03.07.2016 19:22:13,   ; 618    ; 4,375255;
03.07.2016 19:22:13,   ; 622    ; 4,432026;
03.07.2016 19:22:14,   ; 626    ; 4,48808;
03.07.2016 19:22:15,   ; 632    ; 4,765951;
03.07.2016 19:22:15,   ; 630    ; 4,788379;
03.07.2016 19:22:16,   ; 628    ; 4,788379;
03.07.2016 19:22:16,   ; 629    ; 4,765951;
03.07.2016 19:22:17,   ; 631    ; 4,788379;
03.07.2016 19:22:18,   ; 633    ; 4,543441;
03.07.2016 19:22:18,   ; 631    ; 4,543441;
03.07.2016 19:22:19,   ; 628    ; 4,605897;
03.07.2016 19:22:20,   ; 629    ; 3,760699;
03.07.2016 19:22:20,   ; 624    ; 3,525418;
03.07.2016 19:22:21,   ; 616    ; 3,674235;
03.07.2016 19:22:21,   ; 614    ; 3,712912;
03.07.2016 19:22:22,   ; 619    ; 3,937004;
03.07.2016 19:22:23,   ; 622    ; 3,872983;
03.07.2016 19:22:23,   ; 618    ; 3,872983;
03.07.2016 19:22:24,   ; 619    ; 3,535534;
03.07.2016 19:22:24,   ; 619    ; 3,494894;
03.07.2016 19:22:25,   ; 612    ; 3,927922;
03.07.2016 19:22:26,   ; 609    ; 4;
03.07.2016 19:22:26,   ; 609    ; 3,964125;
03.07.2016 19:22:27,   ; 617    ; 4,472136;
03.07.2016 19:22:27,   ; 623    ; 4,720775;
03.07.2016 19:22:28,   ; 635    ; 5,650537;
03.07.2016 19:22:29,   ; 641    ; 5,867587;
03.07.2016 19:22:29,   ; 646    ; 5,867587;
03.07.2016 19:22:30,   ; 644    ; 5,490251;
03.07.2016 19:22:31,   ; 639    ; 5,625198;
03.07.2016 19:22:31,   ; 636    ; 5,52268;
03.07.2016 19:22:32,   ; 639    ; 5,52268;
03.07.2016 19:22:32,   ; 640    ; 5,424811;
03.07.2016 19:22:33,   ; 637    ; 5,477226;
03.07.2016 19:22:34,   ; 635    ; 5,503246;
03.07.2016 19:22:34,   ; 630    ; 5,345225;
03.07.2016 19:22:35,   ; 622    ; 5,700877;
03.07.2016 19:22:35,   ; 616    ; 5,922113;
03.07.2016 19:22:36,   ; 611    ; 5,682052;
03.07.2016 19:22:37,   ; 613    ; 5,477226;
03.07.2016 19:22:37,   ; 616    ; 4,511889;
03.07.2016 19:22:38,   ; 624    ; 4,728334;
03.07.2016 19:22:38,   ; 631    ; 4,906264;
03.07.2016 19:22:39,   ; 638    ; 5,223573;
03.07.2016 19:22:40,   ; 636    ; 5,077964;
03.07.2016 19:22:40,   ; 635    ; 5,021383;
03.07.2016 19:22:41,   ; 633    ; 4,985694;
03.07.2016 19:22:42,   ; 632    ; 4,985694;
03.07.2016 19:22:42,   ; 638    ; 5,175492;
03.07.2016 19:22:43,   ; 639    ; 5,154748;
03.07.2016 19:22:43,   ; 643    ; 5,09201;
03.07.2016 19:22:44,   ; 646    ; 4,690416;
03.07.2016 19:22:45,   ; 641    ; 4,605897;
03.07.2016 19:22:45,   ; 640    ; 4,41588;
03.07.2016 19:22:46,   ; 641    ; 4,391551;
03.07.2016 19:22:47,   ; 645    ; 4,448113;
03.07.2016 19:22:47,   ; 643    ; 3,937004;
03.07.2016 19:22:48,   ; 644    ; 3,474396;
03.07.2016 19:22:48,   ; 641    ; 3,035504;
03.07.2016 19:22:49,   ; 635    ; 3,391165;
03.07.2016 19:22:50,   ; 629    ; 3,741657;
03.07.2016 19:22:50,   ; 625    ; 3,854496;
03.07.2016 19:22:51,   ; 625    ; 3,84522;
03.07.2016 19:22:52,   ; 626    ; 3,505098;
03.07.2016 19:22:52,   ; 630    ; 3,654742;
03.07.2016 19:22:53,   ; 635    ; 3,741657;
03.07.2016 19:22:53,   ; 634    ; 3,664501;
03.07.2016 19:22:54,   ; 632    ; 3,453776;
03.07.2016 19:22:55,   ; 629    ; 3,535534;
03.07.2016 19:22:55,   ; 629    ; 3,525418;
03.07.2016 19:22:56,   ; 630    ; 3,370036;
03.07.2016 19:22:56,   ; 638    ; 3,955105;
03.07.2016 19:22:57,   ; 642    ; 4,088311;
03.07.2016 19:22:58,   ; 648    ; 4,317738;
03.07.2016 19:22:58,   ; 649    ; 4,017817;
03.07.2016 19:22:59,   ; 648    ; 3,693624;
03.07.2016 19:23:00,   ; 640    ; 4,131759;
03.07.2016 19:23:00,   ; 634    ; 4,432026;
03.07.2016 19:23:01,   ; 638    ; 4,551295;
03.07.2016 19:23:01,   ; 640    ; 4,456135;
03.07.2016 19:23:02,   ; 641    ; 4,259443;
03.07.2016 19:23:03,   ; 641    ; 4,25105;
03.07.2016 19:23:03,   ; 637    ; 4,350698;
03.07.2016 19:23:04,   ; 634    ; 4,350698;
03.07.2016 19:23:05,   ; 627    ; 4,735881;
03.07.2016 19:23:05,   ; 624    ; 4,795832;
03.07.2016 19:23:06,   ; 627    ; 4,367085;
03.07.2016 19:23:06,   ; 628    ; 4,24264;
03.07.2016 19:23:07,   ; 631    ; 4,008919;
03.07.2016 19:23:08,   ; 638    ; 4,41588;
03.07.2016 19:23:08,   ; 640    ; 4,440077;
03.07.2016 19:23:09,   ; 641    ; 3,900549;
03.07.2016 19:23:10,   ; 636    ; 3,798496;
03.07.2016 19:23:10,   ; 639    ; 3,7321;
03.07.2016 19:23:10,   ; 638    ; 3,70328;
03.07.2016 19:23:10,   ; 636    ; 3,7321;
03.07.2016 19:23:11,   ; 639    ; 3,817254;
03.07.2016 19:23:12,   ; 635    ; 3,817254;
03.07.2016 19:23:12,   ; 631    ; 3,882194;
03.07.2016 19:23:13,   ; 625    ; 3,760699;
03.07.2016 19:23:13,   ; 620    ; 3,909695;
03.07.2016 19:23:14,   ; 619    ; 3,83592;
03.07.2016 19:23:15,   ; 623    ; 3,973124;
03.07.2016 19:23:15,   ; 631    ; 4,440077;
03.07.2016 19:23:16,   ; 640    ; 4,690416;
03.07.2016 19:23:17,   ; 641    ; 4,667517;
03.07.2016 19:23:17,   ; 642    ; 4,667517;
03.07.2016 19:23:18,   ; 638    ; 4,598136;
03.07.2016 19:23:19,   ; 634    ; 4,652188;
03.07.2016 19:23:19,   ; 631    ; 4,713203;
03.07.2016 19:23:20,   ; 629    ; 4,713203;
03.07.2016 19:23:20,   ; 630    ; 4,652188;
03.07.2016 19:23:21,   ; 632    ; 4,559135;
03.07.2016 19:23:21,   ; 634    ; 4,464143;
03.07.2016 19:23:22,   ; 639    ; 4,375255;
03.07.2016 19:23:23,   ; 635    ; 4,301163;
03.07.2016 19:23:23,   ; 632    ; 4,367085;
03.07.2016 19:23:24,   ; 631    ; 4,24264;
03.07.2016 19:23:25,   ; 634    ; 3,75119;
03.07.2016 19:23:25,   ; 641    ; 3,433033;
03.07.2016 19:23:26,   ; 645    ; 3,585686;
03.07.2016 19:23:26,   ; 647    ; 3,615443;
03.07.2016 19:23:27,   ; 645    ; 3,494894;
03.07.2016 19:23:28,   ; 636    ; 4,105745;
03.07.2016 19:23:28,   ; 625    ; 4,985694;
03.07.2016 19:23:29,   ; 620    ; 5,133921;
03.07.2016 19:23:30,   ; 614    ; 5,371884;
03.07.2016 19:23:30,   ; 615    ; 5,351902;
03.07.2016 19:23:31,   ; 621    ; 5,561346;
03.07.2016 19:23:31,   ; 620    ; 5,405024;
03.07.2016 19:23:32,   ; 616    ; 5,405024;
03.07.2016 19:23:33,   ; 615    ; 5,351902;
03.07.2016 19:23:33,   ; 614    ; 5,351902;
03.07.2016 19:23:34,   ; 612    ; 5,318431;
03.07.2016 19:23:34,   ; 618    ; 5,230406;
03.07.2016 19:23:35,   ; 621    ; 5,182388;
03.07.2016 19:23:36,   ; 624    ; 5,216732;
03.07.2016 19:23:36,   ; 628    ; 5,298248;
03.07.2016 19:23:37,   ; 625    ; 4,788379;
03.07.2016 19:23:37,   ; 619    ; 4,105745;
03.07.2016 19:23:38,   ; 624    ; 4,105745;
03.07.2016 19:23:39,   ; 625    ; 3,789082;
03.07.2016 19:23:39,   ; 630    ; 4,008919;
03.07.2016 19:23:40,   ; 628    ; 3,712912;
03.07.2016 19:23:40,   ; 628    ; 3,70328;
03.07.2016 19:23:41,   ; 624    ; 3,70328;
03.07.2016 19:23:42,   ; 620    ; 3,84522;
03.07.2016 19:23:42,   ; 619    ; 3,84522;
03.07.2016 19:23:43,   ; 616    ; 3,891382;
03.07.2016 19:23:43,   ; 619    ; 3,635146;
03.07.2016 19:23:44,   ; 624    ; 3,789082;
03.07.2016 19:23:45,   ; 628    ; 3,854496;
03.07.2016 19:23:45,   ; 627    ; 3,712912;
03.07.2016 19:23:46,   ; 619    ; 4,208834;
03.07.2016 19:23:47,   ; 614    ; 4,114435;
03.07.2016 19:23:47,   ; 607    ; 4,317738;
03.07.2016 19:23:48,   ; 604    ; 4,38341;
03.07.2016 19:23:48,   ; 607    ; 4,25105;
03.07.2016 19:23:49,   ; 617    ; 4,992852;
03.07.2016 19:23:50,   ; 625    ; 5,43139;
03.07.2016 19:23:50,   ; 628    ; 5,385165;
03.07.2016 19:23:51,   ; 630    ; 5,304984;
03.07.2016 19:23:51,   ; 628    ; 5,325142;
03.07.2016 19:23:52,   ; 625    ; 5,325142;
03.07.2016 19:23:53,   ; 622    ; 5,325142;
03.07.2016 19:23:53,   ; 620    ; 5,182388;
03.07.2016 19:23:54,   ; 621    ; 5,077964;
03.07.2016 19:23:54,   ; 626    ; 5,244044;
03.07.2016 19:23:55,   ; 627    ; 4,795832;
03.07.2016 19:23:56,   ; 631    ; 4,728334;
03.07.2016 19:23:56,   ; 632    ; 4,350698;
03.07.2016 19:23:57,   ; 632    ; 4,27618;
03.07.2016 19:23:57,   ; 627    ; 4,407785;
03.07.2016 19:23:58,   ; 627    ; 3,505098;
03.07.2016 19:23:59,   ; 627    ; 2,77746;
03.07.2016 19:23:59,   ; 630    ; 2,77746;
03.07.2016 19:24:00,   ; 634    ; 2,9277;
03.07.2016 19:24:01,   ; 640    ; 3,295018;
03.07.2016 19:24:01,   ; 640    ; 3,19598;
03.07.2016 19:24:02,   ; 636    ; 3,273268;
03.07.2016 19:24:02,   ; 633    ; 3,327376;
03.07.2016 19:24:03,   ; 631    ; 3,359422;
03.07.2016 19:24:04,   ; 635    ; 3,262339;
03.07.2016 19:24:04,   ; 636    ; 3,262339;
03.07.2016 19:24:05,   ; 638    ; 3,128213;
03.07.2016 19:24:06,   ; 643    ; 3,391165;
03.07.2016 19:24:06,   ; 642    ; 3,40168;
03.07.2016 19:24:07,   ; 635    ; 3,644957;
03.07.2016 19:24:07,   ; 632    ; 3,7321;
03.07.2016 19:24:08,   ; 625    ; 4,174754;
03.07.2016 19:24:09,   ; 629    ; 4,234214;
03.07.2016 19:24:09,   ; 627    ; 4,131759;
03.07.2016 19:24:10,   ; 630    ; 3,891382;
03.07.2016 19:24:10,   ; 629    ; 3,900549;
03.07.2016 19:24:11,   ; 631    ; 3,789082;
03.07.2016 19:24:12,   ; 629    ; 3,741657;
03.07.2016 19:24:12,   ; 628    ; 3,712912;
03.07.2016 19:24:14,   ; 630    ; 3,595632;
03.07.2016 19:24:15,   ; 639    ; 4,317738;
03.07.2016 19:24:15,   ; 644    ; 4,48808;
03.07.2016 19:24:16,   ; 644    ; 4,284523;
03.07.2016 19:24:16,   ; 648    ; 4,407785;
03.07.2016 19:24:17,   ; 650    ; 4,026697;
03.07.2016 19:24:18,   ; 642    ; 4,48808;
03.07.2016 19:24:18,   ; 634    ; 4,605897;
03.07.2016 19:24:19,   ; 628    ; 4,758451;
03.07.2016 19:24:20,   ; 626    ; 4,758451;
03.07.2016 19:24:20,   ; 627    ; 4,698024;
03.07.2016 19:24:21,   ; 625    ; 4,720775;
03.07.2016 19:24:21,   ; 626    ; 4,698024;
03.07.2016 19:24:22,   ; 622    ; 4,788379;
03.07.2016 19:24:23,   ; 617    ; 4,964157;
03.07.2016 19:24:23,   ; 614    ; 5;
03.07.2016 19:24:24,   ; 614    ; 4,38341;
03.07.2016 19:24:24,   ; 619    ; 4,38341;
03.07.2016 19:24:25,   ; 627    ; 4,87706;
03.07.2016 19:24:26,   ; 633    ; 5,021383;
03.07.2016 19:24:26,   ; 641    ; 5,43139;
03.07.2016 19:24:27,   ; 638    ; 5,05682;
03.07.2016 19:24:27,   ; 637    ; 4,590363;
03.07.2016 19:24:28,   ; 633    ; 4,432026;
03.07.2016 19:24:29,   ; 633    ; 4,399675;
03.07.2016 19:24:29,   ; 638    ; 4,590363;
03.07.2016 19:24:30,   ; 635    ; 4,6291;
03.07.2016 19:24:31,   ; 639    ; 4,743416;
03.07.2016 19:24:31,   ; 634    ; 4,810702;
03.07.2016 19:24:32,   ; 628    ; 4,891684;
03.07.2016 19:24:32,   ; 620    ; 5,277987;
03.07.2016 19:24:33,   ; 616    ; 5,385165;
03.07.2016 19:24:34,   ; 619    ; 5,277987;
03.07.2016 19:24:34,   ; 623    ; 4,942527;
03.07.2016 19:24:35,   ; 629    ; 4,942527;
03.07.2016 19:24:35,   ; 631    ; 4,48808;
03.07.2016 19:24:36,   ; 635    ; 4,543441;
03.07.2016 19:24:37,   ; 640    ; 4,728334;
03.07.2016 19:24:37,   ; 637    ; 4,675162;
03.07.2016 19:24:38,   ; 630    ; 5,035588;
03.07.2016 19:24:39,   ; 629    ; 4,862392;
03.07.2016 19:24:39,   ; 631    ; 4,825527;
03.07.2016 19:24:40,   ; 632    ; 4,713203;
03.07.2016 19:24:40,   ; 635    ; 4,590363;
03.07.2016 19:24:41,   ; 636    ; 4,309458;
03.07.2016 19:24:42,   ; 633    ; 3,826599;
03.07.2016 19:24:42,   ; 629    ; 3,826599;
03.07.2016 19:24:43,   ; 626    ; 3,826599;
03.07.2016 19:24:44,   ; 631    ; 3,909695;
03.07.2016 19:24:44,   ; 631    ; 3,56571;
03.07.2016 19:24:45,   ; 631    ; 3,525418;
03.07.2016 19:24:45,   ; 633    ; 3,40168;
03.07.2016 19:24:46,   ; 638    ; 3,40168;
03.07.2016 19:24:47,   ; 634    ; 3,474396;
03.07.2016 19:24:47,   ; 630    ; 3,116775;
03.07.2016 19:24:48,   ; 626    ; 3,284161;
03.07.2016 19:24:48,   ; 625    ; 3,251373;
03.07.2016 19:24:49,   ; 630    ; 3,505098;
03.07.2016 19:24:50,   ; 632    ; 3,453776;
03.07.2016 19:24:50,   ; 634    ; 3,48466;
03.07.2016 19:24:51,   ; 635    ; 3,40168;
03.07.2016 19:24:52,   ; 633    ; 3,273268;
03.07.2016 19:24:52,   ; 631    ; 3,218251;
03.07.2016 19:24:53,   ; 629    ; 2,976095;
03.07.2016 19:24:53,   ; 630    ; 2,988071;
03.07.2016 19:24:54,   ; 636    ; 3,391165;
03.07.2016 19:24:55,   ; 640    ; 3,515273;
03.07.2016 19:24:55,   ; 646    ; 3,625308;
03.07.2016 19:24:56,   ; 648    ; 3,505098;
03.07.2016 19:24:57,   ; 643    ; 3,595632;
03.07.2016 19:24:57,   ; 638    ; 3,683942;
03.07.2016 19:24:58,   ; 634    ; 3,826599;
03.07.2016 19:24:58,   ; 631    ; 3,674235;
03.07.2016 19:24:59,   ; 636    ; 3,872983;
03.07.2016 19:25:00,   ; 640    ; 3,982103;
03.07.2016 19:25:00,   ; 645    ; 4,191829;
03.07.2016 19:25:01,   ; 650    ; 4,367085;
03.07.2016 19:25:02,   ; 648    ; 4,367085;
03.07.2016 19:25:02,   ; 644    ; 4,464143;
03.07.2016 19:25:03,   ; 640    ; 4,582576;
03.07.2016 19:25:03,   ; 639    ; 4,301163;
03.07.2016 19:25:04,   ; 640    ; 4,174754;
03.07.2016 19:25:05,   ; 642    ; 3,891382;
03.07.2016 19:25:05,   ; 643    ; 3,863751;
03.07.2016 19:25:06,   ; 641    ; 3,664501;
03.07.2016 19:25:07,   ; 640    ; 3,422614;
03.07.2016 19:25:07,   ; 636    ; 3,422614;
03.07.2016 19:25:08,   ; 634    ; 3,370036;
03.07.2016 19:25:08,   ; 640    ; 3,48466;
03.07.2016 19:25:09,   ; 642    ; 3,359422;
03.07.2016 19:25:10,   ; 646    ; 3,262339;
03.07.2016 19:25:10,   ; 648    ; 3,023716;
03.07.2016 19:25:11,   ; 649    ; 2,988071;
03.07.2016 19:25:12,   ; 644    ; 3,093773;
03.07.2016 19:25:12,   ; 638    ; 3,316625;
03.07.2016 19:25:13,   ; 639    ; 3,316625;
03.07.2016 19:25:13,   ; 640    ; 3,316625;
03.07.2016 19:25:14,   ; 638    ; 3,316625;
03.07.2016 19:25:15,   ; 641    ; 3,40168;
03.07.2016 19:25:15,   ; 639    ; 3,40168;
03.07.2016 19:25:16,   ; 635    ; 3,55568;
03.07.2016 19:25:17,   ; 629    ; 3,75119;
03.07.2016 19:25:17,   ; 625    ; 3,863751;
03.07.2016 19:25:18,   ; 625    ; 3,515273;
03.07.2016 19:25:18,   ; 637    ; 4,728334;
03.07.2016 19:25:19,   ; 643    ; 4,87706;
03.07.2016 19:25:20,   ; 651    ; 5,298248;
03.07.2016 19:25:20,   ; 658    ; 5,612486;
03.07.2016 19:25:21,   ; 658    ; 5,451081;
03.07.2016 19:25:22,   ; 652    ; 5,451081;
03.07.2016 19:25:22,   ; 644    ; 5,849298;
03.07.2016 19:25:23,   ; 643    ; 5,849298;
03.07.2016 19:25:23,   ; 642    ; 5,830952;
03.07.2016 19:25:24,   ; 639    ; 5,830952;
03.07.2016 19:25:25,   ; 640    ; 5,812548;
03.07.2016 19:25:25,   ; 637    ; 5,769377;
03.07.2016 19:25:26,   ; 634    ; 5,599745;
03.07.2016 19:25:27,   ; 630    ; 5,599745;
03.07.2016 19:25:27,   ; 627    ; 5,656854;
03.07.2016 19:25:28,   ; 628    ; 4,667517;
03.07.2016 19:25:28,   ; 632    ; 4,511889;
03.07.2016 19:25:29,   ; 638    ; 4,284523;
03.07.2016 19:25:30,   ; 641    ; 3,937004;
03.07.2016 19:25:30,   ; 642    ; 3,946065;
03.07.2016 19:25:31,   ; 638    ; 3,760699;
03.07.2016 19:25:31,   ; 632    ; 3,48466;
03.07.2016 19:25:32,   ; 633    ; 3,48466;
03.07.2016 19:25:33,   ; 636    ; 3,56571;
03.07.2016 19:25:33,   ; 640    ; 3,635146;
03.07.2016 19:25:34,   ; 651    ; 4,667517;
03.07.2016 19:25:35,   ; 656    ; 4,788379;
03.07.2016 19:25:35,   ; 658    ; 4,75094;
03.07.2016 19:25:36,   ; 655    ; 4,698024;
03.07.2016 19:25:37,   ; 652    ; 4,698024;
03.07.2016 19:25:37,   ; 646    ; 4,956958;
03.07.2016 19:25:38,   ; 646    ; 4,840307;
03.07.2016 19:25:38,   ; 647    ; 4,574776;
03.07.2016 19:25:39,   ; 646    ; 4,511889;
03.07.2016 19:25:40,   ; 645    ; 4,511889;
03.07.2016 19:25:40,   ; 642    ; 4,456135;
03.07.2016 19:25:40, Exp-Phase;
03.07.2016 19:25:41,   ; 636    ; 4,456135;
03.07.2016 19:25:42,   ; 631    ; 4,644505;
03.07.2016 19:25:42,   ; 630    ; 4,582576;
03.07.2016 19:25:43,   ; 634    ; 4,582576;
03.07.2016 19:25:43,   ; 642    ; 4,114435;
03.07.2016 19:25:44,   ; 652    ; 4,720775;
03.07.2016 19:25:45,   ; 661    ; 5,271215;
03.07.2016 19:25:45,   ; 663    ; 5,237229;
03.07.2016 19:25:46,   ; 661    ; 5,203021;
03.07.2016 19:25:47,   ; 654    ; 5,291502;
03.07.2016 19:25:47,   ; 646    ; 5,707139;
03.07.2016 19:25:48,   ; 639    ; 6;
03.07.2016 19:25:49,   ; 627    ; 6,798109;
03.07.2016 19:25:49,   ; 622    ; 6,923047;
03.07.2016 19:25:50,   ; 614    ; 7,20119;
03.07.2016 19:25:50,   ; 609    ; 7,146428;
03.07.2016 19:25:51,   ; 605    ; 7,101308;
03.07.2016 19:25:51,   ; 615    ; 7,582875;
03.07.2016 19:25:52,   ; 625    ; 7,968688;
03.07.2016 19:25:53,   ; 633    ; 7,968688;
03.07.2016 19:25:53,   ; 636    ; 7,549834;
03.07.2016 19:25:54,   ; 639    ; 7,20119;
03.07.2016 19:25:55,   ; 640    ; 7,186296;
03.07.2016 19:25:55,   ; 646    ; 7,343607;
03.07.2016 19:25:56,   ; 650    ; 7,181325;
03.07.2016 19:25:57,   ; 653    ; 6,90238;
03.07.2016 19:25:57,   ; 651    ; 6,665476;
03.07.2016 19:25:58,   ; 645    ; 6,059231;
03.07.2016 19:25:58,   ; 643    ; 5,934163;
03.07.2016 19:25:59,   ; 641    ; 5,561346;
03.07.2016 19:26:00,   ; 639    ; 5,424811;
03.07.2016 19:26:00,   ; 643    ; 5,424811;
03.07.2016 19:26:01,   ; 645    ; 4,75094;
03.07.2016 19:26:02,   ; 647    ; 3,964125;
03.07.2016 19:26:02,   ; 646    ; 3,348774;
03.07.2016 19:26:03,   ; 643    ; 3,348774;
03.07.2016 19:26:03,   ; 646    ; 3,348774;
03.07.2016 19:26:04,   ; 647    ; 3,348774;
03.07.2016 19:26:05,   ; 651    ; 3,128213;
03.07.2016 19:26:05,   ; 659    ; 3,635146;
03.07.2016 19:26:06,   ; 665    ; 3,891382;
03.07.2016 19:26:07,   ; 662    ; 3,937004;
03.07.2016 19:26:07,   ; 658    ; 3,75119;
03.07.2016 19:26:08,   ; 654    ; 3,863751;
03.07.2016 19:26:09,   ; 648    ; 4,14901;
03.07.2016 19:26:09,   ; 650    ; 4,14901;
03.07.2016 19:26:10,   ; 656    ; 4,317738;
03.07.2016 19:26:10,   ; 655    ; 4,292851;
03.07.2016 19:26:11,   ; 656    ; 4,26782;
03.07.2016 19:26:12,   ; 658    ; 4,292851;
03.07.2016 19:26:12,   ; 654    ; 4,350698;
03.07.2016 19:26:13,   ; 645    ; 4,906264;
03.07.2016 19:26:14,   ; 646    ; 4,906264;
03.07.2016 19:26:14,   ; 650    ; 4,906264;
03.07.2016 19:26:15,   ; 656    ; 4,698024;
03.07.2016 19:26:16,   ; 666    ; 5,161672;
03.07.2016 19:26:16,   ; 672    ; 5,345225;
03.07.2016 19:26:17,   ; 672    ; 5,237229;
03.07.2016 19:26:18,   ; 665    ; 5,457629;
03.07.2016 19:26:18,   ; 662    ; 5,277987;
03.07.2016 19:26:19,   ; 661    ; 5,257648;
03.07.2016 19:26:19,   ; 658    ; 5,070926;
03.07.2016 19:26:20,   ; 654    ; 5,175492;
03.07.2016 19:26:21,   ; 654    ; 5,168586;
03.07.2016 19:26:21,   ; 654    ; 5,140872;
03.07.2016 19:26:22,   ; 648    ; 5,277987;
03.07.2016 19:26:23,   ; 644    ; 4,81812;
03.07.2016 19:26:23,   ; 647    ; 4,87706;
03.07.2016 19:26:24,   ; 652    ; 4,942527;
03.07.2016 19:26:25,   ; 658    ; 4,942527;
03.07.2016 19:26:25,   ; 666    ; 4,675162;
03.07.2016 19:26:26,   ; 670    ; 4,519798;
03.07.2016 19:26:26,   ; 665    ; 4,713203;
03.07.2016 19:26:26,   ; 664    ; 4,334249;
03.07.2016 19:26:28,   ; 659    ; 4,464143;
03.07.2016 19:26:28,   ; 663    ; 4,582576;
03.07.2016 19:26:29,   ; 662    ; 4,519798;
03.07.2016 19:26:29,   ; 666    ; 4,519798;
03.07.2016 19:26:29,   ; 668    ; 4,551295;
03.07.2016 19:26:31,   ; 670    ; 4,582576;
03.07.2016 19:26:31,   ; 666    ; 4,423961;
03.07.2016 19:26:31,   ; 656    ; 5,05682;
03.07.2016 19:26:32,   ; 648    ; 5,43139;
03.07.2016 19:26:33,   ; 642    ; 5,503246;
03.07.2016 19:26:33,   ; 645    ; 5,325142;
03.07.2016 19:26:34,   ; 643    ; 4,906264;
03.07.2016 19:26:34,   ; 648    ; 4,971346;
03.07.2016 19:26:35,   ; 656    ; 5,244044;
03.07.2016 19:26:36,   ; 653    ; 5,298248;
03.07.2016 19:26:36,   ; 649    ; 5,237229;
03.07.2016 19:26:37,   ; 644    ; 5,298248;
03.07.2016 19:26:38,   ; 644    ; 5,291502;
03.07.2016 19:26:38,   ; 645    ; 5,189275;
03.07.2016 19:26:39,   ; 645    ; 5,161672;
03.07.2016 19:26:40,   ; 654    ; 5,669467;
03.07.2016 19:26:40,   ; 654    ; 5,567764;
03.07.2016 19:26:41,   ; 649    ; 5,063878;
03.07.2016 19:26:41,   ; 648    ; 4,598136;
03.07.2016 19:26:42,   ; 650    ; 4,342481;
03.07.2016 19:26:43,   ; 657    ; 4,659859;
03.07.2016 19:26:43,   ; 664    ; 4,992852;
03.07.2016 19:26:44,   ; 665    ; 4,81812;
03.07.2016 19:26:45,   ; 669    ; 4,448113;
03.07.2016 19:26:45,   ; 665    ; 4,503966;
03.07.2016 19:26:46,   ; 656    ; 4,992852;
03.07.2016 19:26:47,   ; 650    ; 5,070926;
03.07.2016 19:26:47,   ; 646    ; 5,182388;
03.07.2016 19:26:48,   ; 647    ; 5,182388;
03.07.2016 19:26:49,   ; 644    ; 5,244044;
03.07.2016 19:26:49,   ; 647    ; 4,728334;
03.07.2016 19:26:50,   ; 645    ; 4,758451;
03.07.2016 19:26:50,   ; 641    ; 4,690416;
03.07.2016 19:26:51,   ; 637    ; 4,803273;
03.07.2016 19:26:52,   ; 635    ; 4,803273;
03.07.2016 19:26:52,   ; 634    ; 4,432026;
03.07.2016 19:26:53,   ; 640    ; 4,326001;
03.07.2016 19:26:54,   ; 643    ; 4,391551;
03.07.2016 19:26:54,   ; 646    ; 4,334249;
03.07.2016 19:26:55,   ; 645    ; 4,208834;
03.07.2016 19:26:55,   ; 641    ; 3,615443;
03.07.2016 19:26:56,   ; 642    ; 3,251373;
03.07.2016 19:26:58,   ; 642    ; 3,070598;
03.07.2016 19:26:58,   ; 649    ; 3,585686;
03.07.2016 19:26:58,   ; 651    ; 3,535534;
03.07.2016 19:26:59,   ; 654    ; 3,535534;
03.07.2016 19:26:59,   ; 655    ; 3,505098;
03.07.2016 19:27:00,   ; 656    ; 3,348774;
03.07.2016 19:27:00,   ; 654    ; 3,218251;
03.07.2016 19:27:01,   ; 646    ; 3,826599;
03.07.2016 19:27:02,   ; 639    ; 4,25105;
03.07.2016 19:27:02,   ; 636    ; 4,017817;
03.07.2016 19:27:03,   ; 635    ; 3,946065;
03.07.2016 19:27:04,   ; 635    ; 3,863751;
03.07.2016 19:27:04,   ; 635    ; 3,854496;
03.07.2016 19:27:05,   ; 638    ; 3,789082;
03.07.2016 19:27:05,   ; 638    ; 3,779645;
03.07.2016 19:27:06,   ; 636    ; 3,817254;
03.07.2016 19:27:07,   ; 640    ; 3,494894;
03.07.2016 19:27:07,   ; 645    ; 3,70328;
03.07.2016 19:27:08,   ; 649    ; 3,770184;
03.07.2016 19:27:09,   ; 655    ; 4,088311;
03.07.2016 19:27:09,   ; 655    ; 4,079566;
03.07.2016 19:27:10,   ; 654    ; 4,053217;
03.07.2016 19:27:11,   ; 646    ; 4,053217;
03.07.2016 19:27:11,   ; 642    ; 3,75119;
03.07.2016 19:27:12,   ; 639    ; 3,75119;
03.07.2016 19:27:12,   ; 640    ; 3,75119;
03.07.2016 19:27:13,   ; 640    ; 3,75119;
03.07.2016 19:27:14,   ; 644    ; 3,900549;
03.07.2016 19:27:14,   ; 647    ; 3,900549;
03.07.2016 19:27:15,   ; 641    ; 4,217311;
03.07.2016 19:27:16,   ; 639    ; 4,217311;
03.07.2016 19:27:16,   ; 640    ; 4,088311;
03.07.2016 19:27:17,   ; 643    ; 3,946065;
03.07.2016 19:27:17,   ; 646    ; 3,882194;
03.07.2016 19:27:18,   ; 651    ; 3,779645;
03.07.2016 19:27:19,   ; 651    ; 3,779645;
03.07.2016 19:27:19,   ; 652    ; 3,779645;
03.07.2016 19:27:20,   ; 645    ; 3,635146;
03.07.2016 19:27:21,   ; 644    ; 3,48466;
03.07.2016 19:27:21,   ; 640    ; 3,55568;
03.07.2016 19:27:22,   ; 640    ; 3,545621;
03.07.2016 19:27:22,   ; 643    ; 3,635146;
03.07.2016 19:27:23,   ; 647    ; 3,635146;
03.07.2016 19:27:24,   ; 650    ; 3,635146;
03.07.2016 19:27:24,   ; 647    ; 3,359422;
03.07.2016 19:27:25,   ; 643    ; 3,48466;
03.07.2016 19:27:27,   ; 641    ; 3,515273;
03.07.2016 19:27:27,   ; 643    ; 3,464102;
03.07.2016 19:27:27,   ; 645    ; 3,412163;
03.07.2016 19:27:27,   ; 649    ; 3,316625;
03.07.2016 19:27:28,   ; 652    ; 3,412163;
03.07.2016 19:27:29,   ; 651    ; 3,412163;
03.07.2016 19:27:29,   ; 649    ; 2,9032;
03.07.2016 19:27:30,   ; 644    ; 3,184785;
03.07.2016 19:27:31,   ; 641    ; 3,105295;
03.07.2016 19:27:31,   ; 641    ; 3,105295;
03.07.2016 19:27:32,   ; 645    ; 3,184785;
03.07.2016 19:27:33,   ; 645    ; 3;
03.07.2016 19:27:33,   ; 650    ; 3,184785;
03.07.2016 19:27:35,   ; 647    ; 3,184785;
03.07.2016 19:27:35,   ; 643    ; 3,184785;
03.07.2016 19:27:36,   ; 639    ; 3,316625;
03.07.2016 19:27:37,   ; 635    ; 3,44342;
03.07.2016 19:27:37,   ; 636    ; 3,412163;
03.07.2016 19:27:38,   ; 639    ; 3,338092;
03.07.2016 19:27:39,   ; 638    ; 3,251373;
03.07.2016 19:27:39,   ; 640    ; 3,284161;
03.07.2016 19:27:40,   ; 643    ; 3,338092;
03.07.2016 19:27:40,   ; 635    ; 3,7321;
03.07.2016 19:27:41,   ; 634    ; 3,654742;
03.07.2016 19:27:42,   ; 631    ; 3,741657;
03.07.2016 19:27:42,   ; 631    ; 3,585686;
03.07.2016 19:27:43,   ; 628    ; 3,674235;
03.07.2016 19:27:43,   ; 626    ; 3,464102;
03.07.2016 19:27:44,   ; 625    ; 3,380617;
03.07.2016 19:27:45,   ; 620    ; 3,474396;
03.07.2016 19:27:45,   ; 619    ; 3,316625;
03.07.2016 19:27:46,   ; 618    ; 3,150964;
03.07.2016 19:27:47,   ; 625    ; 3,654742;
03.07.2016 19:27:47,   ; 638    ; 4,978525;
03.07.2016 19:27:48,   ; 644    ; 5,223573;
03.07.2016 19:27:48,   ; 647    ; 5,257648;
03.07.2016 19:27:49,   ; 647    ; 5,196152;
03.07.2016 19:27:50,   ; 646    ; 4,743416;
03.07.2016 19:27:50,   ; 642    ; 4,855042;
03.07.2016 19:27:51,   ; 637    ; 4,971346;
03.07.2016 19:27:52,   ; 636    ; 4,978525;
03.07.2016 19:27:52,   ; 640    ; 5,02849;
03.07.2016 19:27:53,   ; 641    ; 5,007138;
03.07.2016 19:27:53,   ; 646    ; 5,175492;
03.07.2016 19:27:54,   ; 647    ; 5,007138;
03.07.2016 19:27:55,   ; 644    ; 5,063878;
03.07.2016 19:27:55,   ; 639    ; 5,230406;
03.07.2016 19:27:56,   ; 636    ; 4,949748;
03.07.2016 19:27:57,   ; 635    ; 3,535534;
03.07.2016 19:27:57,   ; 638    ; 3,251373;
03.07.2016 19:27:58,   ; 642    ; 3,327376;
03.07.2016 19:27:58,   ; 641    ; 3,338092;
03.07.2016 19:27:59,   ; 641    ; 3,327376;
03.07.2016 19:28:00,   ; 641    ; 3,150964;
03.07.2016 19:28:00,   ; 638    ; 2,964071;
03.07.2016 19:28:01,   ; 633    ; 3,24037;
03.07.2016 19:28:02,   ; 632    ; 3,070598;
03.07.2016 19:28:02,   ; 635    ; 3,162278;
03.07.2016 19:28:03,   ; 634    ; 2,878492;
03.07.2016 19:28:03,   ; 636    ; 2,915476;
03.07.2016 19:28:04,   ; 639    ; 2,915476;
03.07.2016 19:28:05,   ; 636    ; 2,712405;
03.07.2016 19:28:05,   ; 635    ; 2,60494;
03.07.2016 19:28:06,   ; 631    ; 2,80306;
03.07.2016 19:28:06,   ; 634    ; 2,80306;
03.07.2016 19:28:07,   ; 637    ; 2,712405;
03.07.2016 19:28:08,   ; 641    ; 2,9032;
03.07.2016 19:28:08,   ; 643    ; 2,951997;
03.07.2016 19:28:09,   ; 650    ; 3,494894;
03.07.2016 19:28:10,   ; 647    ; 3,494894;
03.07.2016 19:28:10,   ; 643    ; 3,40168;
03.07.2016 19:28:11,   ; 642    ; 3,40168;
03.07.2016 19:28:12,   ; 644    ; 3,348774;
03.07.2016 19:28:12,   ; 644    ; 3,338092;
03.07.2016 19:28:13,   ; 644    ; 3,295018;
03.07.2016 19:28:13,   ; 644    ; 3,19598;
03.07.2016 19:28:14,   ; 642    ; 3,139609;
03.07.2016 19:28:15,   ; 641    ; 3,139609;
03.07.2016 19:28:15,   ; 636    ; 3,24037;
03.07.2016 19:28:16,   ; 634    ; 3,184785;
03.07.2016 19:28:17,   ; 637    ; 3,184785;
03.07.2016 19:28:17,   ; 637    ; 3;
03.07.2016 19:28:18,   ; 639    ; 3;
03.07.2016 19:28:18,   ; 643    ; 2,577374;
03.07.2016 19:28:19,   ; 645    ; 2,507133;
03.07.2016 19:28:20,   ; 642    ; 2,405351;
03.07.2016 19:28:20,   ; 639    ; 2,521338;
03.07.2016 19:28:21,   ; 638    ; 2,478479;
03.07.2016 19:28:22,   ; 638    ; 2,478479;
03.07.2016 19:28:22,   ; 638    ; 2,478479;
03.07.2016 19:28:23,   ; 642    ; 2,699206;
03.07.2016 19:28:23,   ; 644    ; 2,699206;
03.07.2016 19:28:24,   ; 643    ; 2,699206;
03.07.2016 19:28:25,   ; 639    ; 2,577374;
03.07.2016 19:28:25,   ; 636    ; 2,645751;
03.07.2016 19:28:26,   ; 636    ; 2,521338;
03.07.2016 19:28:27,   ; 642    ; 2,988071;
03.07.2016 19:28:27,   ; 643    ; 2,951997;
03.07.2016 19:28:28,   ; 647    ; 2,951997;
03.07.2016 19:28:28,   ; 647    ; 2,9032;
03.07.2016 19:28:29,   ; 646    ; 2,80306;
03.07.2016 19:28:30,   ; 639    ; 3,273268;
03.07.2016 19:28:30,   ; 635    ; 3,433033;
03.07.2016 19:28:31,   ; 634    ; 3,44342;
03.07.2016 19:28:32,   ; 636    ; 3,48466;
03.07.2016 19:28:32,   ; 639    ; 3,412163;
03.07.2016 19:28:33,   ; 643    ; 3,535534;
03.07.2016 19:28:33,   ; 639    ; 3,683942;
03.07.2016 19:28:34,   ; 638    ; 3,535534;
03.07.2016 19:28:35,   ; 638    ; 3,44342;
03.07.2016 19:28:35,   ; 637    ; 3,453776;
03.07.2016 19:28:36,   ; 638    ; 3,070598;
03.07.2016 19:28:37,   ; 642    ; 3,24037;
03.07.2016 19:28:37,   ; 642    ; 3,058945;
03.07.2016 19:28:38,   ; 642    ; 3,058945;
03.07.2016 19:28:38,   ; 642    ; 3,047247;
03.07.2016 19:28:39,   ; 638    ; 2,632218;
03.07.2016 19:28:40,   ; 634    ; 2,632218;
03.07.2016 19:28:40,   ; 632    ; 2,672612;
03.07.2016 19:28:41,   ; 636    ; 2,828427;
03.07.2016 19:28:42,   ; 640    ; 2,915476;
03.07.2016 19:28:42,   ; 642    ; 2,764572;
03.07.2016 19:28:43,   ; 641    ; 2,56348;
03.07.2016 19:28:43,   ; 638    ; 2,672612;
03.07.2016 19:28:44,   ; 635    ; 2,790289;
03.07.2016 19:28:45,   ; 632    ; 2,890872;
03.07.2016 19:28:45,   ; 631    ; 2,890872;
03.07.2016 19:28:46,   ; 634    ; 2,80306;
03.07.2016 19:28:46,   ; 640    ; 3,22933;
03.07.2016 19:28:47,   ; 640    ; 3,22933;
03.07.2016 19:28:48,   ; 645    ; 3,494894;
03.07.2016 19:28:48,   ; 641    ; 3,494894;
03.07.2016 19:28:49,   ; 635    ; 3,693624;
03.07.2016 19:28:50,   ; 632    ; 3,741657;
03.07.2016 19:28:50,   ; 631    ; 3,595632;
03.07.2016 19:28:51,   ; 633    ; 3,474396;
03.07.2016 19:28:51,   ; 641    ; 4,044396;
03.07.2016 19:28:52,   ; 651    ; 4,840307;
03.07.2016 19:28:53,   ; 653    ; 4,803273;
03.07.2016 19:28:53,   ; 659    ; 5;
03.07.2016 19:28:54,   ; 656    ; 5;
03.07.2016 19:28:55,   ; 650    ; 5,244044;
03.07.2016 19:28:55,   ; 649    ; 5,189275;
03.07.2016 19:28:56,   ; 653    ; 5,049752;
03.07.2016 19:28:57,   ; 654    ; 5,05682;
03.07.2016 19:28:57,   ; 655    ; 4,884377;
03.07.2016 19:28:58,   ; 656    ; 4,773438;
03.07.2016 19:28:58,   ; 649    ; 4,869731;
03.07.2016 19:28:59,   ; 644    ; 4,985694;
03.07.2016 19:29:00,   ; 643    ; 4,985694;
03.07.2016 19:29:00,   ; 641    ; 4,985694;
03.07.2016 19:29:01,   ; 641    ; 4,503966;
03.07.2016 19:29:02,   ; 644    ; 3,712912;
03.07.2016 19:29:02,   ; 644    ; 3,674235;
03.07.2016 19:29:03,   ; 647    ; 3,40168;
03.07.2016 19:29:04,   ; 651    ; 3,474396;
03.07.2016 19:29:04,   ; 650    ; 3,093773;
03.07.2016 19:29:05,   ; 643    ; 3,605551;
03.07.2016 19:29:05,   ; 642    ; 3,453776;
03.07.2016 19:29:06,   ; 641    ; 3,453776;
03.07.2016 19:29:07,   ; 643    ; 3,48466;
03.07.2016 19:29:07,   ; 643    ; 3,474396;
03.07.2016 19:29:08,   ; 641    ; 2,976095;
03.07.2016 19:29:09,   ; 641    ; 2,659216;
03.07.2016 19:29:09,   ; 639    ; 2,699206;
03.07.2016 19:29:10,   ; 636    ; 2,764572;
03.07.2016 19:29:10,   ; 630    ; 3,19598;
03.07.2016 19:29:11,   ; 632    ; 3,139609;
03.07.2016 19:29:12,   ; 639    ; 3,654742;
03.07.2016 19:29:12,   ; 647    ; 4,157609;
03.07.2016 19:29:13,   ; 655    ; 4,551295;
03.07.2016 19:29:14,   ; 655    ; 4,543441;
03.07.2016 19:29:14,   ; 659    ; 4,27618;
03.07.2016 19:29:15,   ; 656    ; 4,342481;
03.07.2016 19:29:15,   ; 654    ; 4,367085;
03.07.2016 19:29:16,   ; 655    ; 4,342481;
03.07.2016 19:29:17,   ; 654    ; 4,350698;
03.07.2016 19:29:17,   ; 655    ; 4,326001;
03.07.2016 19:29:18,   ; 655    ; 4,326001;
03.07.2016 19:29:19,   ; 650    ; 4,49603;
03.07.2016 19:29:19,   ; 645    ; 4,621379;
03.07.2016 19:29:20,   ; 639    ; 4,621379;
03.07.2016 19:29:21,   ; 637    ; 4,621379;
03.07.2016 19:29:21,   ; 640    ; 4,301163;
03.07.2016 19:29:22,   ; 643    ; 3,817254;
03.07.2016 19:29:22,   ; 641    ; 3,207135;
03.07.2016 19:29:23,   ; 645    ; 3,380617;
03.07.2016 19:29:24,   ; 671    ; 7,653197;
03.07.2016 19:29:24,   ; 645    ; 10,30603;
03.07.2016 19:29:25,   ; 641    ; 10,34753;
03.07.2016 19:29:26,   ; 640    ; 10,34753;
03.07.2016 19:29:26,   ; 647    ; 10,5119;
03.07.2016 19:29:27,   ; 651    ; 10,56274;
03.07.2016 19:29:27,   ; 660    ; 10,83315;
03.07.2016 19:29:28,   ; 661    ; 10,75374;
03.07.2016 19:29:29,   ; 658    ; 10,70047;
03.07.2016 19:29:29,   ; 651    ; 10,74377;
03.07.2016 19:29:30,   ; 648    ; 10,76038;
03.07.2016 19:29:31,   ; 646    ; 10,74377;
03.07.2016 19:29:31,   ; 650    ; 10,76701;
03.07.2016 19:29:32,   ; 654    ; 10,80674;
03.07.2016 19:29:33,   ; 653    ; 10,75706;
03.07.2016 19:29:33,   ; 653    ; 8,211491;
03.07.2016 19:29:34,   ; 651    ; 4,407785;
03.07.2016 19:29:35,   ; 653    ; 4,309458;
03.07.2016 19:29:35,   ; 662    ; 4,928054;
03.07.2016 19:29:36,   ; 663    ; 4,566962;
03.07.2016 19:29:36,   ; 661    ; 4,472136;
03.07.2016 19:29:37,   ; 662    ; 3,779645;
03.07.2016 19:29:38,   ; 664    ; 3,807887;
03.07.2016 19:29:38,   ; 662    ; 3,760699;
03.07.2016 19:29:39,   ; 661    ; 3,273268;
03.07.2016 19:29:40,   ; 658    ; 3,273268;
03.07.2016 19:29:40,   ; 659    ; 3,24037;
03.07.2016 19:29:41,   ; 664    ; 3,338092;
03.07.2016 19:29:42,   ; 662    ; 3,207135;
03.07.2016 19:29:42,   ; 660    ; 3,24037;
03.07.2016 19:29:43,   ; 660    ; 3,24037;
03.07.2016 19:29:44,   ; 652    ; 3,84522;
03.07.2016 19:29:44,   ; 647    ; 4,035556;
03.07.2016 19:29:45,   ; 645    ; 3,284161;
03.07.2016 19:29:45,   ; 642    ; 3,370036;
03.07.2016 19:29:46,   ; 643    ; 3,338092;
03.07.2016 19:29:47,   ; 648    ; 3,585686;
03.07.2016 19:29:47,   ; 645    ; 3,635146;
03.07.2016 19:29:48,   ; 646    ; 3,605551;
03.07.2016 19:29:49,   ; 642    ; 3,75119;
03.07.2016 19:29:49,   ; 639    ; 3,75119;
03.07.2016 19:29:49,   ; 639    ; 3,741657;
03.07.2016 19:29:49,   ; 641    ; 3,535534;
03.07.2016 19:29:50,   ; 651    ; 4,399675;
03.07.2016 19:29:52,   ; 655    ; 4,49603;
03.07.2016 19:29:52,   ; 655    ; 4,49603;
03.07.2016 19:29:52,   ; 652    ; 4,035556;
03.07.2016 19:29:53,   ; 644    ; 4,367085;
03.07.2016 19:29:53,   ; 635    ; 4,956958;
03.07.2016 19:29:54,   ; 629    ; 5,147815;
03.07.2016 19:29:54,   ; 620    ; 5,675763;
03.07.2016 19:29:55,   ; 619    ; 5,52268;
03.07.2016 19:29:56,   ; 619    ; 5,464169;
03.07.2016 19:29:56,   ; 626    ; 5,769377;
03.07.2016 19:29:57,   ; 635    ; 6,158617;
03.07.2016 19:29:58,   ; 637    ; 6,129554;
03.07.2016 19:29:58,   ; 640    ; 6,18177;
03.07.2016 19:29:59,   ; 645    ; 6,301927;
03.07.2016 19:29:59,   ; 645    ; 5,707139;
03.07.2016 19:30:00,   ; 650    ; 5,763184;
03.07.2016 19:30:01,   ; 645    ; 5,91608;
03.07.2016 19:30:01,   ; 642    ; 5,91608;
03.07.2016 19:30:03,   ; 636    ; 5,744563;
03.07.2016 19:30:03,   ; 632    ; 5,325142;
03.07.2016 19:30:03,   ; 629    ; 5,140872;
03.07.2016 19:30:04,   ; 629    ; 4,543441;
03.07.2016 19:30:04,   ; 634    ; 4,728334;
03.07.2016 19:30:05,   ; 640    ; 4,992852;
03.07.2016 19:30:06,   ; 651    ; 5,483742;
03.07.2016 19:30:06,   ; 650    ; 4,935296;
03.07.2016 19:30:07,   ; 648    ; 4,935296;
03.07.2016 19:30:08,   ; 647    ; 4,87706;
03.07.2016 19:30:08,   ; 648    ; 4,698024;
03.07.2016 19:30:09,   ; 649    ; 4,70562;
03.07.2016 19:30:09,   ; 650    ; 4,519798;
03.07.2016 19:30:10,   ; 649    ; 4,326001;
03.07.2016 19:30:11,   ; 645    ; 4,38341;
03.07.2016 19:30:11,   ; 638    ; 4,48808;
03.07.2016 19:30:12,   ; 632    ; 4,644505;
03.07.2016 19:30:13,   ; 628    ; 4,698024;
03.07.2016 19:30:13,   ; 630    ; 4,728334;
03.07.2016 19:30:14,   ; 631    ; 4,543441;
03.07.2016 19:30:14,   ; 631    ; 4,25105;
03.07.2016 19:30:15,   ; 632    ; 3,082207;
03.07.2016 19:30:16,   ; 634    ; 3,116775;
03.07.2016 19:30:16,   ; 631    ; 3,173551;
03.07.2016 19:30:17,   ; 631    ; 3,162278;
03.07.2016 19:30:17,   ; 633    ; 3,19598;
03.07.2016 19:30:18,   ; 634    ; 3,19598;
03.07.2016 19:30:19,   ; 636    ; 3,22933;
03.07.2016 19:30:19,   ; 639    ; 3,316625;
03.07.2016 19:30:20,   ; 642    ; 3,24037;
03.07.2016 19:30:21,   ; 638    ; 2,853569;
03.07.2016 19:30:21,   ; 636    ; 2,420153;
03.07.2016 19:30:22,   ; 631    ; 2,54951;
03.07.2016 19:30:22,   ; 631    ; 2,492847;
03.07.2016 19:30:23,   ; 627    ; 2,699206;
03.07.2016 19:30:24,   ; 629    ; 2,751623;
03.07.2016 19:30:24,   ; 638    ; 3,644957;
03.07.2016 19:30:26,   ; 644    ; 3,946065;
03.07.2016 19:30:26,   ; 645    ; 3,872983;
03.07.2016 19:30:26,   ; 646    ; 3,882194;
03.07.2016 19:30:27,   ; 642    ; 3,991061;
03.07.2016 19:30:27,   ; 640    ; 4,017817;
03.07.2016 19:30:28,   ; 641    ; 3,991061;
03.07.2016 19:30:29,   ; 646    ; 4,131759;
03.07.2016 19:30:29,   ; 647    ; 4,062019;
03.07.2016 19:30:30,   ; 641    ; 4,234214;
03.07.2016 19:30:31,   ; 640    ; 4,208834;
03.07.2016 19:30:31,   ; 639    ; 4;
03.07.2016 19:30:32,   ; 635    ; 4,140393;
03.07.2016 19:30:32,   ; 630    ; 4,217311;
03.07.2016 19:30:33,   ; 629    ; 4,191829;
03.07.2016 19:30:34,   ; 627    ; 3,474396;
03.07.2016 19:30:34,   ; 627    ; 3,082207;
03.07.2016 19:30:35,   ; 628    ; 3,082207;
03.07.2016 19:30:36,   ; 630    ; 3,116775;
03.07.2016 19:30:36,   ; 633    ; 3,035504;
03.07.2016 19:30:37,   ; 635    ; 3,035504;
03.07.2016 19:30:37,   ; 639    ; 3,207135;
03.07.2016 19:30:38,   ; 642    ; 3,023716;
03.07.2016 19:30:39,   ; 645    ; 3,116775;
03.07.2016 19:30:39,   ; 642    ; 2,790289;
03.07.2016 19:30:40, Nachhermessung;
03.07.2016 19:30:40,   ; 641    ; 2,790289;
03.07.2016 19:30:41,   ; 641    ; 2,77746;
03.07.2016 19:30:41,   ; 642    ; 2,577374;
03.07.2016 19:30:42,   ; 643    ; 2,220039;
03.07.2016 19:30:42,   ; 648    ; 2,577374;
03.07.2016 19:30:43,   ; 649    ; 2,535463;
03.07.2016 19:30:44,   ; 646    ; 2,659216;
03.07.2016 19:30:44,   ; 643    ; 2,764572;
03.07.2016 19:30:45,   ; 639    ; 2,915476;
03.07.2016 19:30:46,   ; 638    ; 2,815772;
03.07.2016 19:30:46,   ; 643    ; 3,070598;
03.07.2016 19:30:47,   ; 654    ; 4,114435;
03.07.2016 19:30:47,   ; 658    ; 4,174754;
03.07.2016 19:30:48,   ; 661    ; 4,174754;
03.07.2016 19:30:49,   ; 659    ; 4,131759;
03.07.2016 19:30:49,   ; 662    ; 4,20034;
03.07.2016 19:30:50,   ; 655    ; 4,598136;
03.07.2016 19:30:51,   ; 650    ; 4,780914;
03.07.2016 19:30:51,   ; 653    ; 4,840307;
03.07.2016 19:30:52,   ; 653    ; 4,652188;
03.07.2016 19:30:53,   ; 653    ; 4,644505;
03.07.2016 19:30:53,   ; 652    ; 4,582576;
03.07.2016 19:30:54,   ; 649    ; 4,582576;
03.07.2016 19:30:54,   ; 645    ; 4,582576;
03.07.2016 19:30:55,   ; 644    ; 4,582576;
03.07.2016 19:30:56,   ; 641    ; 4,456135;
03.07.2016 19:30:56,   ; 643    ; 3,391165;
03.07.2016 19:30:58,   ; 650    ; 3,722518;
03.07.2016 19:30:59,   ; 655    ; 3,872983;
03.07.2016 19:30:59,   ; 660    ; 4,062019;
03.07.2016 19:31:00,   ; 658    ; 4,017817;
03.07.2016 19:31:01,   ; 656    ; 3,595632;
03.07.2016 19:31:01,   ; 656    ; 3,338092;
03.07.2016 19:31:02,   ; 653    ; 3,338092;
03.07.2016 19:31:02,   ; 652    ; 3,348774;
03.07.2016 19:31:03,   ; 652    ; 3,348774;
03.07.2016 19:31:04,   ; 648    ; 3,505098;
03.07.2016 19:31:04,   ; 642    ; 3,770184;
03.07.2016 19:31:05,   ; 640    ; 3,654742;
03.07.2016 19:31:06,   ; 640    ; 3,644957;
03.07.2016 19:31:06,   ; 643    ; 3,644957;
03.07.2016 19:31:07,   ; 647    ; 3,760699;
03.07.2016 19:31:08,   ; 652    ; 3,525418;
03.07.2016 19:31:08,   ; 652    ; 3,262339;
03.07.2016 19:31:09,   ; 652    ; 2,976095;
03.07.2016 19:31:09,   ; 651    ; 2,939874;
03.07.2016 19:31:10,   ; 649    ; 2,939874;
03.07.2016 19:31:11,   ; 644    ; 3,22933;
03.07.2016 19:31:11,   ; 639    ; 3,40168;
03.07.2016 19:31:12,   ; 642    ; 3,48466;
03.07.2016 19:31:13,   ; 644    ; 3,525418;
03.07.2016 19:31:13,   ; 646    ; 3,40168;
03.07.2016 19:31:14,   ; 649    ; 3,105295;
03.07.2016 19:31:14,   ; 650    ; 3,070598;
03.07.2016 19:31:15,   ; 645    ; 3,348774;
03.07.2016 19:31:16,   ; 645    ; 3,251373;
03.07.2016 19:31:16,   ; 643    ; 3,116775;
03.07.2016 19:31:17,   ; 651    ; 3,535534;
03.07.2016 19:31:18,   ; 655    ; 3,693624;
03.07.2016 19:31:18,   ; 661    ; 4,026697;
03.07.2016 19:31:19,   ; 658    ; 4,097037;
03.07.2016 19:31:20,   ; 657    ; 4,070802;
03.07.2016 19:31:20,   ; 657    ; 3,84522;
03.07.2016 19:31:21,   ; 655    ; 3,644957;
03.07.2016 19:31:21,   ; 652    ; 3,644957;
03.07.2016 19:31:22,   ; 655    ; 3,693624;
03.07.2016 19:31:23,   ; 656    ; 3,664501;
03.07.2016 19:31:23,   ; 658    ; 3,615443;
03.07.2016 19:31:24,   ; 654    ; 3,760699;
03.07.2016 19:31:25,   ; 654    ; 3,515273;
03.07.2016 19:31:25,   ; 650    ; 3,674235;
03.07.2016 19:31:26,   ; 646    ; 3,789082;
03.07.2016 19:31:27,   ; 645    ; 3,139609;
03.07.2016 19:31:27,   ; 645    ; 2,951997;
03.07.2016 19:31:28,   ; 646    ; 2,492847;
03.07.2016 19:31:28,   ; 646    ; 2,360387;
03.07.2016 19:31:29,   ; 642    ; 2,577374;
03.07.2016 19:31:30,   ; 638    ; 2,790289;
03.07.2016 19:31:30,   ; 632    ; 3,173551;
03.07.2016 19:31:31,   ; 629    ; 3,173551;
03.07.2016 19:31:32,   ; 636    ; 3,595632;
03.07.2016 19:31:32,   ; 642    ; 3,927922;
03.07.2016 19:31:33,   ; 653    ; 4,87706;
03.07.2016 19:31:33,   ; 658    ; 4,942527;
03.07.2016 19:31:34,   ; 660    ; 4,971346;
03.07.2016 19:31:35,   ; 657    ; 4,920801;
03.07.2016 19:31:35,   ; 657    ; 4,803273;
03.07.2016 19:31:36,   ; 652    ; 4,978525;
03.07.2016 19:31:37,   ; 648    ; 5,09201;
03.07.2016 19:31:37,   ; 641    ; 5,418223;
03.07.2016 19:31:38,   ; 639    ; 5,444525;
03.07.2016 19:31:39,   ; 632    ; 5,656854;
03.07.2016 19:31:39,   ; 624    ; 5,95219;
03.07.2016 19:31:40,   ; 619    ; 5,885818;
03.07.2016 19:31:40,   ; 614    ; 5,982116;
03.07.2016 19:31:41,   ; 607    ; 5,982116;
03.07.2016 19:31:42,   ; 602    ; 5,91608;
03.07.2016 19:31:42,   ; 599    ; 5,196152;
03.07.2016 19:31:43,   ; 595    ; 5,133921;
03.07.2016 19:31:43,   ; 592    ; 5,168586;
03.07.2016 19:31:44,   ; 588    ; 5,216732;
03.07.2016 19:31:44,   ; 587    ; 5,223573;
03.07.2016 19:31:45,   ; 588    ; 5,05682;
03.07.2016 19:31:46,   ; 584    ; 5,05682;
03.07.2016 19:31:46,   ; 580    ; 4,81812;
03.07.2016 19:31:47,   ; 581    ; 4,795832;
03.07.2016 19:31:47,   ; 581    ; 4,41588;
03.07.2016 19:31:48,   ; 584    ; 3,946065;
03.07.2016 19:31:48,   ; 585    ; 3,722518;
03.07.2016 19:31:49,   ; 587    ; 3,515273;
03.07.2016 19:31:50,   ; 592    ; 3,262339;
03.07.2016 19:31:50,   ; 597    ; 3,262339;
03.07.2016 19:31:51,   ; 609    ; 4,503966;
03.07.2016 19:31:51,   ; 626    ; 6,307592;
03.07.2016 19:31:52,   ; 634    ; 6,611678;
03.07.2016 19:31:53,   ; 637    ; 6,573757;
03.07.2016 19:31:53,   ; 635    ; 6,590036;
03.07.2016 19:31:54,   ; 636    ; 6,590036;
03.07.2016 19:31:54,   ; 630    ; 6,697547;
03.07.2016 19:31:55,   ; 627    ; 6,660116;
03.07.2016 19:31:56,   ; 625    ; 6,676184;
03.07.2016 19:31:56,   ; 625    ; 6,676184;
03.07.2016 19:31:57,   ; 623    ; 6,649383;
03.07.2016 19:31:57,   ; 624    ; 6,649383;
03.07.2016 19:31:58,   ; 622    ; 6,649383;
03.07.2016 19:31:59,   ; 620    ; 6,535617;
03.07.2016 19:31:59,   ; 616    ; 6,486249;
03.07.2016 19:32:00,   ; 616    ; 5,637882;
03.07.2016 19:32:01,   ; 616    ; 3,338092;
03.07.2016 19:32:01,   ; 616    ; 2,56348;
03.07.2016 19:32:02,   ; 615    ; 2,44949;
03.07.2016 19:32:02,   ; 616    ; 2,405351;
03.07.2016 19:32:03,   ; 617    ; 2,405351;
03.07.2016 19:32:04,   ; 617    ; 1,792843;
03.07.2016 19:32:04,   ; 622    ; 2,087377;
03.07.2016 19:32:05,   ; 627    ; 2,420153;
03.07.2016 19:32:05,   ; 626    ; 2,434866;
03.07.2016 19:32:06,   ; 630    ; 2,60494;
03.07.2016 19:32:07,   ; 634    ; 2,80306;
03.07.2016 19:32:07,   ; 639    ; 3,058945;
03.07.2016 19:32:08,   ; 636    ; 3,116775;
03.07.2016 19:32:08,   ; 636    ; 2,9277;
03.07.2016 19:32:09,   ; 638    ; 2,976095;
03.07.2016 19:32:10,   ; 637    ; 2,988071;
03.07.2016 19:32:10,   ; 639    ; 3,035504;
03.07.2016 19:32:11,   ; 643    ; 3,207135;
03.07.2016 19:32:12,   ; 641    ; 3,24037;
03.07.2016 19:32:12,   ; 637    ; 3,40168;
03.07.2016 19:32:13,   ; 631    ; 3,760699;
03.07.2016 19:32:13,   ; 628    ; 3,605551;
03.07.2016 19:32:14,   ; 623    ; 3,605551;
03.07.2016 19:32:15,   ; 620    ; 3,683942;
03.07.2016 19:32:15,   ; 621    ; 3,535534;
03.07.2016 19:32:16,   ; 624    ; 3,464102;
03.07.2016 19:32:16,   ; 621    ; 3,295018;
03.07.2016 19:32:17,   ; 618    ; 3,295018;
03.07.2016 19:32:18,   ; 614    ; 3,464102;
03.07.2016 19:32:18,   ; 610    ; 3,585686;
03.07.2016 19:32:19,   ; 607    ; 3,664501;
03.07.2016 19:32:19,   ; 603    ; 3,779645;
03.07.2016 19:32:20,   ; 600    ; 3,712912;
03.07.2016 19:32:21,   ; 598    ; 3,712912;
03.07.2016 19:32:21,   ; 594    ; 3,712912;
03.07.2016 19:32:22,   ; 594    ; 3,348774;
03.07.2016 19:32:22,   ; 593    ; 3,262339;
03.07.2016 19:32:23,   ; 591    ; 3,023716;
03.07.2016 19:32:24,   ; 591    ; 2,915476;
03.07.2016 19:32:24,   ; 592    ; 2,915476;
03.07.2016 19:32:25,   ; 593    ; 2,815772;
03.07.2016 19:32:25,   ; 596    ; 2,815772;
03.07.2016 19:32:26,   ; 599    ; 2,815772;
03.07.2016 19:32:26,   ; 602    ; 2,725541;
03.07.2016 19:32:27,   ; 603    ; 2,521338;
03.07.2016 19:32:28,   ; 604    ; 2,405351;
03.07.2016 19:32:28,   ; 602    ; 2,220039;
03.07.2016 19:32:29,   ; 604    ; 2,13809;
03.07.2016 19:32:29,   ; 602    ; 2,13809;
03.07.2016 19:32:30,   ; 605    ; 2,017778;
03.07.2016 19:32:31,   ; 603    ; 2,087377;
03.07.2016 19:32:31,   ; 600    ; 2,220039;
03.07.2016 19:32:32,   ; 601    ; 2,171241;
03.07.2016 19:32:32,   ; 599    ; 2,236068;
03.07.2016 19:32:33,   ; 599    ; 2,220039;
03.07.2016 19:32:33,   ; 598    ; 2,220039;
03.07.2016 19:32:34,   ; 597    ; 2,087377;
03.07.2016 19:32:35,   ; 599    ; 2;
03.07.2016 19:32:35,   ; 601    ; 1,908627;
03.07.2016 19:32:36,   ; 604    ; 2,052873;
03.07.2016 19:32:36,   ; 604    ; 2,035401;
03.07.2016 19:32:37,   ; 605    ; 1,982062;
03.07.2016 19:32:38,   ; 606    ; 1,927248;
03.07.2016 19:32:38,   ; 605    ; 1,870829;
03.07.2016 19:32:39,   ; 606    ; 1,711307;
03.07.2016 19:32:39,   ; 608    ; 1,711307;
03.07.2016 19:32:40,   ; 614    ; 2,203893;
03.07.2016 19:32:41,   ; 622    ; 3,058945;
03.07.2016 19:32:41,   ; 623    ; 3,023716;
03.07.2016 19:32:42,   ; 626    ; 3,128213;
03.07.2016 19:32:42,   ; 627    ; 3,128213;
03.07.2016 19:32:43,   ; 627    ; 3,116775;
03.07.2016 19:32:44,   ; 627    ; 3,070598;
03.07.2016 19:32:44,   ; 624    ; 3,128213;
03.07.2016 19:32:45,   ; 625    ; 3,035504;
03.07.2016 19:32:45,   ; 629    ; 3,218251;
03.07.2016 19:32:46,   ; 633    ; 3,380617;
03.07.2016 19:32:47,   ; 632    ; 3,380617;
03.07.2016 19:32:47,   ; 633    ; 3,380617;
03.07.2016 19:32:48,   ; 631    ; 3,412163;
03.07.2016 19:32:49,   ; 627    ; 3,535534;
03.07.2016 19:32:49,   ; 624    ; 3,251373;
03.07.2016 19:32:50,   ; 626    ; 2,507133;
03.07.2016 19:32:50,   ; 626    ; 2,492847;
03.07.2016 19:32:51,   ; 631    ; 2,712405;
03.07.2016 19:32:52,   ; 639    ; 3,44342;
03.07.2016 19:32:52,   ; 643    ; 3,605551;
03.07.2016 19:32:53,   ; 648    ; 3,84522;
03.07.2016 19:32:53,   ; 642    ; 4,088311;
03.07.2016 19:32:54,   ; 641    ; 4,088311;
03.07.2016 19:32:55,   ; 641    ; 3,946065;
03.07.2016 19:32:55,   ; 641    ; 3,798496;
03.07.2016 19:32:56,   ; 646    ; 4,017817;
03.07.2016 19:32:57,   ; 648    ; 4,044396;
03.07.2016 19:32:57,   ; 647    ; 4,017817;
03.07.2016 19:32:58,   ; 642    ; 4,097037;
03.07.2016 19:32:59,   ; 639    ; 4,097037;
03.07.2016 19:32:59,   ; 637    ; 4,097037;
03.07.2016 19:33:00,   ; 638    ; 4,105745;
03.07.2016 19:33:00,   ; 639    ; 3,891382;
03.07.2016 19:33:01,   ; 647    ; 3,891382;
03.07.2016 19:33:02,   ; 651    ; 3,891382;
03.07.2016 19:33:02,   ; 650    ; 3,664501;
03.07.2016 19:33:03,   ; 646    ; 3,464102;
03.07.2016 19:33:04,   ; 640    ; 3,807887;
03.07.2016 19:33:04,   ; 638    ; 3,84522;
03.07.2016 19:33:05,   ; 639    ; 3,854496;
03.07.2016 19:33:05,   ; 640    ; 3,625308;
03.07.2016 19:33:06,   ; 640    ; 3,585686;
03.07.2016 19:33:07,   ; 642    ; 3,615443;
03.07.2016 19:33:07,   ; 639    ; 3,453776;
03.07.2016 19:33:08,   ; 634    ; 3,615443;
03.07.2016 19:33:09,   ; 631    ; 3,664501;
03.07.2016 19:33:09,   ; 629    ; 3,693624;
03.07.2016 19:33:10,   ; 628    ; 3,693624;
03.07.2016 19:33:10,   ; 631    ; 3,116775;
03.07.2016 19:33:11,   ; 635    ; 3,116775;
03.07.2016 19:33:11,   ; 638    ; 3,207135;
03.07.2016 19:33:11,   ; 635    ; 3,128213;
03.07.2016 19:33:13,   ; 634    ; 2,699206;
03.07.2016 19:33:13,   ; 635    ; 2,659216;
03.07.2016 19:33:14,   ; 641    ; 3,093773;
03.07.2016 19:33:15,   ; 649    ; 3,75119;
03.07.2016 19:33:15,   ; 648    ; 3,760699;
03.07.2016 19:33:15,   ; 651    ; 3,807887;
03.07.2016 19:33:16,   ; 653    ; 3,760699;
03.07.2016 19:33:16,   ; 646    ; 3,982103;
03.07.2016 19:33:17,   ; 638    ; 4,448113;
03.07.2016 19:33:18,   ; 632    ; 4,698024;
03.07.2016 19:33:18,   ; 625    ; 5,049752;
03.07.2016 19:33:19,   ; 618    ; 5,325142;
03.07.2016 19:33:19,   ; 613    ; 5,385165;
03.07.2016 19:33:20,   ; 608    ; 5,490251;
03.07.2016 19:33:21,   ; 604    ; 5,535599;
03.07.2016 19:33:21,   ; 598    ; 5,756983;
03.07.2016 19:33:22,   ; 594    ; 5,849298;
03.07.2016 19:33:22,   ; 593    ; 5,631544;
03.07.2016 19:33:23,   ; 593    ; 5,209881;
03.07.2016 19:33:23,   ; 597    ; 5,311712;
03.07.2016 19:33:24,   ; 603    ; 5,490251;
03.07.2016 19:33:25,   ; 611    ; 5,867587;
03.07.2016 19:33:25,   ; 612    ; 5,567764;
03.07.2016 19:33:26,   ; 609    ; 5,203021;
03.07.2016 19:33:26,   ; 608    ; 4,956958;
03.07.2016 19:33:27,   ; 608    ; 4,590363;
03.07.2016 19:33:28,   ; 606    ; 4,225771;
03.07.2016 19:33:28,   ; 604    ; 4,044396;
03.07.2016 19:33:29,   ; 603    ; 3,826599;
03.07.2016 19:33:29,   ; 601    ; 3,712912;
03.07.2016 19:33:30,   ; 601    ; 3,348774;
03.07.2016 19:33:31,   ; 603    ; 3,218251;
03.07.2016 19:33:31,   ; 603    ; 3,207135;
03.07.2016 19:33:32,   ; 601    ; 3,251373;
03.07.2016 19:33:32,   ; 601    ; 3,070598;
03.07.2016 19:33:33,   ; 601    ; 2,618615;
03.07.2016 19:33:33,   ; 600    ; 1,535299;
03.07.2016 19:33:34,   ; 602    ; 1,603567;
03.07.2016 19:33:35,   ; 601    ; 1,414214;
03.07.2016 19:33:35,   ; 599    ; 1,488048;
03.07.2016 19:33:36,   ; 599    ; 1,488048;
03.07.2016 19:33:36,   ; 599    ; 1,38873;
03.07.2016 19:33:37,   ; 603    ; 1,669046;
03.07.2016 19:33:38,   ; 615    ; 3,605551;
03.07.2016 19:33:38,   ; 629    ; 5,168586;
03.07.2016 19:33:39,   ; 642    ; 6,227818;
03.07.2016 19:33:39,   ; 653    ; 6,866066;
03.07.2016 19:33:40,   ; 652    ; 6,871265;
03.07.2016 19:33:41,   ; 650    ; 6,871265;
03.07.2016 19:33:41,   ; 645    ; 7;
03.07.2016 19:33:42,   ; 644    ; 7,0051;
03.07.2016 19:33:43,   ; 643    ; 7,0051;
03.07.2016 19:33:43,   ; 643    ; 6,984677;
03.07.2016 19:33:44,   ; 643    ; 6,979562;
03.07.2016 19:33:44,   ; 640    ; 7,0051;
03.07.2016 19:33:45,   ; 644    ; 7,086204;
03.07.2016 19:33:46,   ; 639    ; 7,211102;
03.07.2016 19:33:46,   ; 633    ; 7,309485;
03.07.2016 19:33:47,   ; 629    ; 6,654751;
03.07.2016 19:33:48,   ; 627    ; 5,529143;
03.07.2016 19:33:48,   ; 631    ; 4,432026;
03.07.2016 19:33:49,   ; 638    ; 3,807887;
03.07.2016 19:33:49,   ; 644    ; 4,123106;
03.07.2016 19:33:50,   ; 646    ; 4,123106;
03.07.2016 19:33:51,   ; 646    ; 3,900549;
03.07.2016 19:33:51,   ; 646    ; 3,891382;
03.07.2016 19:33:52,   ; 652    ; 4,20034;
03.07.2016 19:33:53,   ; 653    ; 4,208834;
03.07.2016 19:33:53,   ; 651    ; 4,24264;
03.07.2016 19:33:54,   ; 655    ; 4,301163;
03.07.2016 19:33:55,   ; 653    ; 4,20034;
03.07.2016 19:33:55,   ; 651    ; 4,017817;
03.07.2016 19:33:56,   ; 641    ; 4,551295;
03.07.2016 19:33:56,   ; 636    ; 4,621379;
03.07.2016 19:33:57,   ; 633    ; 4,659859;
03.07.2016 19:33:58,   ; 631    ; 4,566962;
03.07.2016 19:33:58,   ; 635    ; 4,301163;
03.07.2016 19:33:59,   ; 638    ; 4,070802;
03.07.2016 19:34:00,   ; 637    ; 4,044396;
03.07.2016 19:34:00,   ; 636    ; 4,053217;
03.07.2016 19:34:02,   ; 631    ; 4,26782;
03.07.2016 19:34:02,   ; 633    ; 3,991061;
03.07.2016 19:34:02,   ; 636    ; 4,062019;
03.07.2016 19:34:03,   ; 646    ; 4,832923;
03.07.2016 19:34:03,   ; 657    ; 5,554921;
03.07.2016 19:34:04,   ; 673    ; 6,989789;
03.07.2016 19:34:05,   ; 686    ; 7,787353;
03.07.2016 19:34:05,   ; 679    ; 7,549834;
03.07.2016 19:34:06,   ; 674    ; 7,549834;
03.07.2016 19:34:07,   ; 671    ; 7,549834;
03.07.2016 19:34:07,   ; 671    ; 7,530889;
03.07.2016 19:34:08,   ; 669    ; 7,473763;
03.07.2016 19:34:09,   ; 662    ; 7,662525;
03.07.2016 19:34:09,   ; 656    ; 7,823956;
03.07.2016 19:34:10,   ; 649    ; 8,040078;
03.07.2016 19:34:10,   ; 644    ; 8,040078;
03.07.2016 19:34:11,   ; 636    ; 8,302323;
03.07.2016 19:34:12,   ; 634    ; 8,280787;
03.07.2016 19:34:12,   ; 630    ; 7,910211;
03.07.2016 19:34:13,   ; 635    ; 7,4642;
03.07.2016 19:34:14,   ; 637    ; 6,141196;
03.07.2016 19:34:14,   ; 643    ; 5,311712;
03.07.2016 19:34:15,   ; 643    ; 4,971346;
03.07.2016 19:34:15,   ; 642    ; 4,795832;
03.07.2016 19:34:16,   ; 639    ; 4,795832;
03.07.2016 19:34:17,   ; 635    ; 4,913538;
03.07.2016 19:34:17,   ; 633    ; 4,913538;
03.07.2016 19:34:18,   ; 639    ; 4,81812;
03.07.2016 19:34:20,   ; 643    ; 4,667517;
03.07.2016 19:34:20,   ; 652    ; 4,906264;
03.07.2016 19:34:21,   ; 658    ; 4,985694;
03.07.2016 19:34:21,   ; 655    ; 4,574776;
03.07.2016 19:34:22,   ; 651    ; 4,667517;
03.07.2016 19:34:23,   ; 650    ; 4,551295;
03.07.2016 19:34:23,   ; 649    ; 4,358899;
03.07.2016 19:34:24,   ; 655    ; 4,613644;
03.07.2016 19:34:25,   ; 656    ; 4,334249;
03.07.2016 19:34:25,   ; 655    ; 4,342481;
03.07.2016 19:34:26,   ; 653    ; 4,367085;
03.07.2016 19:34:27,   ; 645    ; 4,795832;
03.07.2016 19:34:27,   ; 640    ; 4,862392;
03.07.2016 19:34:28,   ; 637    ; 4,89898;
03.07.2016 19:34:28,   ; 631    ; 4,89898;
03.07.2016 19:34:29,   ; 624    ; 5,133921;
03.07.2016 19:34:30,   ; 619    ; 4,728334;
03.07.2016 19:34:30,   ; 613    ; 4,728334;
03.07.2016 19:34:31,   ; 610    ; 4,728334;
03.07.2016 19:34:31,   ; 609    ; 4,613644;
03.07.2016 19:34:32,   ; 612    ; 4,675162;
03.07.2016 19:34:33,   ; 616    ; 4,788379;
03.07.2016 19:34:33,   ; 624    ; 4,992852;
03.07.2016 19:34:34,   ; 626    ; 5,014266;
03.07.2016 19:34:34,   ; 630    ; 5,119989;
03.07.2016 19:34:35,   ; 635    ; 5,264436;
03.07.2016 19:34:36,   ; 634    ; 4,81812;
03.07.2016 19:34:36,   ; 631    ; 4,698024;
03.07.2016 19:34:37,   ; 632    ; 4,636809;
03.07.2016 19:34:38,   ; 632    ; 4,350698;
03.07.2016 19:34:38,   ; 635    ; 4,008919;
03.07.2016 19:34:39,   ; 637    ; 3,817254;
03.07.2016 19:34:39,   ; 636    ; 3,474396;
03.07.2016 19:34:40,   ; 636    ; 3,380617;
03.07.2016 19:34:41,   ; 633    ; 3,464102;
03.07.2016 19:34:41,   ; 629    ; 3,535534;
03.07.2016 19:34:42,   ; 626    ; 3,464102;
03.07.2016 19:34:42,   ; 628    ; 2,77746;
03.07.2016 19:34:43,   ; 630    ; 2,77746;
03.07.2016 19:34:44,   ; 632    ; 2,618615;
03.07.2016 19:34:44,   ; 635    ; 2,390457;
03.07.2016 19:34:45,   ; 636    ; 2,390457;
03.07.2016 19:34:46,   ; 634    ; 2,31455;
03.07.2016 19:34:46,   ; 632    ; 2,360387;
03.07.2016 19:34:47,   ; 631    ; 2,37547;
03.07.2016 19:34:47,   ; 637    ; 2,751623;
03.07.2016 19:34:48,   ; 640    ; 2,815772;
03.07.2016 19:34:49,   ; 648    ; 3,525418;
03.07.2016 19:34:49,   ; 650    ; 3,56571;
03.07.2016 19:34:50,   ; 655    ; 3,722518;
03.07.2016 19:34:51,   ; 655    ; 3,56571;
03.07.2016 19:34:51,   ; 650    ; 3,722518;
03.07.2016 19:34:52,   ; 648    ; 3,722518;
03.07.2016 19:34:52,   ; 648    ; 3,683942;
03.07.2016 19:34:53,   ; 649    ; 3,654742;
03.07.2016 19:34:54,   ; 648    ; 3,575712;
03.07.2016 19:34:54,   ; 641    ; 4,026697;
03.07.2016 19:34:55,   ; 636    ; 4,208834;
03.07.2016 19:34:56,   ; 627    ; 4,81812;
03.07.2016 19:34:56,   ; 622    ; 4,992852;
03.07.2016 19:34:57,   ; 613    ; 5,304984;
03.07.2016 19:34:57,   ; 611    ; 5,271215;
03.07.2016 19:34:58,   ; 605    ; 5,077964;
03.07.2016 19:34:59,   ; 601    ; 5,161672;
03.07.2016 19:34:59,   ; 596    ; 5,161672;
03.07.2016 19:35:00,   ; 593    ; 5,223573;
03.07.2016 19:35:00,   ; 590    ; 5,113008;
03.07.2016 19:35:01,   ; 585    ; 5,257648;
03.07.2016 19:35:01,   ; 583    ; 5,284749;
03.07.2016 19:35:02,   ; 582    ; 5,284749;
03.07.2016 19:35:03,   ; 584    ; 5,304984;
03.07.2016 19:35:03,   ; 586    ; 4,992852;
03.07.2016 19:35:04,   ; 591    ; 4,992852;
03.07.2016 19:35:04,   ; 599    ; 4,869731;
03.07.2016 19:35:05,   ; 602    ; 4,75094;
03.07.2016 19:35:06,   ; 606    ; 4,234214;
03.07.2016 19:35:06,   ; 612    ; 4,49603;
03.07.2016 19:35:07,   ; 617    ; 4,407785;
03.07.2016 19:35:07,   ; 622    ; 4,480115;
03.07.2016 19:35:08,   ; 632    ; 5,042675;
03.07.2016 19:35:09,   ; 633    ; 4,985694;
03.07.2016 19:35:09,   ; 633    ; 4,920801;
03.07.2016 19:35:10,   ; 637    ; 4,855042;
03.07.2016 19:35:10,   ; 634    ; 4,891684;
03.07.2016 19:35:11,   ; 632    ; 4,913538;
03.07.2016 19:35:12,   ; 630    ; 4,913538;
03.07.2016 19:35:12,   ; 630    ; 4,884377;
03.07.2016 19:35:13,   ; 632    ; 4,728334;
03.07.2016 19:35:13,   ; 633    ; 4,225771;
03.07.2016 19:35:14,   ; 632    ; 4,157609;
03.07.2016 19:35:15,   ; 634    ; 4,053217;
03.07.2016 19:35:15,   ; 633    ; 3,7321;
03.07.2016 19:35:16,   ; 631    ; 3,525418;
03.07.2016 19:35:17,   ; 633    ; 3,305839;
03.07.2016 19:35:17,   ; 639    ; 2,521338;
03.07.2016 19:35:18,   ; 647    ; 3,295018;
03.07.2016 19:35:18,   ; 653    ; 3,664501;
03.07.2016 19:35:19,   ; 663    ; 4,407785;
03.07.2016 19:35:20,   ; 670    ; 4,720775;
03.07.2016 19:35:20,   ; 662    ; 5,154748;
03.07.2016 19:35:21,   ; 657    ; 5,298248;
03.07.2016 19:35:22,   ; 652    ; 5,464169;
03.07.2016 19:35:22,   ; 647    ; 5,599745;
03.07.2016 19:35:23,   ; 643    ; 5,694609;
03.07.2016 19:35:24,   ; 642    ; 5,694609;
03.07.2016 19:35:24,   ; 639    ; 5,725881;
03.07.2016 19:35:25,   ; 639    ; 5,71964;
03.07.2016 19:35:25,   ; 635    ; 5,794086;
03.07.2016 19:35:26,   ; 633    ; 5,794086;
03.07.2016 19:35:27,   ; 632    ; 5,574175;
03.07.2016 19:35:27,   ; 632    ; 5,147815;
03.07.2016 19:35:28,   ; 640    ; 5,338539;
03.07.2016 19:35:29,   ; 648    ; 5,09201;
03.07.2016 19:35:29,   ; 649    ; 4,743416;
03.07.2016 19:35:30,   ; 647    ; 4,26782;
03.07.2016 19:35:30,   ; 645    ; 4,088311;
03.07.2016 19:35:31,   ; 644    ; 3,872983;
03.07.2016 19:35:32,   ; 646    ; 3,674235;
03.07.2016 19:35:32,   ; 649    ; 3,605551;
03.07.2016 19:35:33,   ; 649    ; 3,595632;
03.07.2016 19:35:34,   ; 647    ; 3,545621;
03.07.2016 19:35:34,   ; 648    ; 3,55568;
03.07.2016 19:35:35,   ; 643    ; 3,644957;
03.07.2016 19:35:36,   ; 641    ; 3,644957;
03.07.2016 19:35:36,   ; 639    ; 3,674235;
03.07.2016 19:35:37,   ; 634    ; 3,909695;
03.07.2016 19:35:37,   ; 632    ; 3,316625;
03.07.2016 19:35:38,   ; 628    ; 2,751623;
03.07.2016 19:35:39,   ; 624    ; 2,939874;
03.07.2016 19:35:39,   ; 620    ; 3,082207;
03.07.2016 19:35:40,   ; 616    ; 3,218251;
03.07.2016 19:35:40,   ; 616    ; 3,207135;

    