UV: 15;;
Vorhermessung;;
29.06.2016 07:31;849; 58,13224
29.06.2016 07:31;873; 58,46305
29.06.2016 07:31;852; 58,72211
29.06.2016 07:31;835; 58,57596
29.06.2016 07:31;803; 35,94043
29.06.2016 07:31;798; 35,52464
29.06.2016 07:31;791; 33,84418
29.06.2016 07:31;792; 33,28234
29.06.2016 07:31;825; 34,16452
29.06.2016 07:31;846; 34,41968
29.06.2016 07:31;873; 31,29925
29.06.2016 07:31;885; 26,57872
29.06.2016 07:31;869; 24,34426
29.06.2016 07:31;851; 24,81359
29.06.2016 07:31;814; 23,98363
29.06.2016 07:31;787; 23,12389
29.06.2016 07:31;760; 23,359
29.06.2016 07:31;742; 23,17942
29.06.2016 07:31;745; 22,74392
29.06.2016 07:31;754; 21,21152
29.06.2016 07:31;779; 22,19878
29.06.2016 07:31;835; 26,70741
29.06.2016 07:31;872; 28,47806
29.06.2016 07:31;901; 28,16533
29.06.2016 07:31;910; 27,70508
29.06.2016 07:31;897; 26,97353
29.06.2016 07:31;872; 27,60305
29.06.2016 07:31;835; 29,00739
29.06.2016 07:31;785; 31,57304
29.06.2016 07:31;748; 31,57304
29.06.2016 07:31;719; 31,69948
29.06.2016 07:31;713; 30,90885
29.06.2016 07:31;724; 30,6734
29.06.2016 07:31;765; 32,56203
29.06.2016 07:31;811; 34,72237
29.06.2016 07:31;869; 37,43375
29.06.2016 07:31;904; 35,56383
29.06.2016 07:31;902; 34,16556
29.06.2016 07:31;898; 33,292
29.06.2016 07:31;885; 33,38627
29.06.2016 07:31;850; 34,49741
29.06.2016 07:31;814; 35,18522
29.06.2016 07:31;769; 35,84491
29.06.2016 07:31;747; 33,77658
29.06.2016 07:31;740; 32,35076
29.06.2016 07:32;746; 31,44951
29.06.2016 07:32;774; 32,28777
29.06.2016 07:32;848; 37,74917
29.06.2016 07:32;885; 37,45283
29.06.2016 07:32;912; 36,106
29.06.2016 07:32;910; 32,61354
29.06.2016 07:32;891; 31,65326
29.06.2016 07:32;854; 33,15763
29.06.2016 07:32;802; 35,93645
29.06.2016 07:32;781; 36,20576
29.06.2016 07:32;764; 35,27039
29.06.2016 07:32;757; 33,98424
29.06.2016 07:32;749; 31,85682
29.06.2016 07:32;767; 31,67694
29.06.2016 07:32;811; 33,73743
29.06.2016 07:32;858; 35,96427
29.06.2016 07:32;872; 35,37554
29.06.2016 07:32;880; 29,40845
29.06.2016 07:32;883; 27,70766
29.06.2016 07:32;851; 28,08533
29.06.2016 07:32;799; 31,33118
29.06.2016 07:32;768; 32,00781
29.06.2016 07:32;735; 31,69385
29.06.2016 07:32;705; 29,59126
29.06.2016 07:32;698; 29,11431
29.06.2016 07:32;714; 29,0738
29.06.2016 07:32;748; 30,40324
29.06.2016 07:32;797; 33,03461
29.06.2016 07:32;848; 35,41085
29.06.2016 07:32;861; 33,58146
29.06.2016 07:32;852; 31,23643
29.06.2016 07:32;824; 31,90163
29.06.2016 07:32;808; 32,11586
29.06.2016 07:32;755; 35,09172
29.06.2016 07:32;725; 34,96529
29.06.2016 07:32;709; 32,36842
29.06.2016 07:32;689; 31,74339
29.06.2016 07:32;686; 30,5041
29.06.2016 07:32;687; 29,43273
29.06.2016 07:32;705; 29,76455
29.06.2016 07:32;741; 30,98732
29.06.2016 07:32;783; 31,68032
29.06.2016 07:32;807; 29,55141
29.06.2016 07:32;821; 26,48585
29.06.2016 07:32;823; 26,26241
29.06.2016 07:32;809; 26,41834
29.06.2016 07:32;795; 25,6111
29.06.2016 07:32;765; 26,49393
29.06.2016 07:32;734; 23,87318
29.06.2016 07:32;710; 23,38345
29.06.2016 07:32;689; 23,66432
29.06.2016 07:32;682; 23,12852
29.06.2016 07:32;697; 23,45969
29.06.2016 07:32;738; 25,89126
29.06.2016 07:32;784; 28,25521
29.06.2016 07:32;832; 29,50182
29.06.2016 07:32;866; 28,75636
29.06.2016 07:32;884; 28,44167
29.06.2016 07:32;892; 28,27543
29.06.2016 07:32;881; 28,42283
29.06.2016 07:32;855; 29,0197
29.06.2016 07:32;808; 31,3995
29.06.2016 07:32;772; 31,84673
29.06.2016 07:32;738; 32,06467
29.06.2016 07:32;718; 31,86803
29.06.2016 07:32;712; 31,41087
29.06.2016 07:32;714; 31,35966
29.06.2016 07:32;729; 31,35966
29.06.2016 07:32;767; 31,08858
29.06.2016 07:32;787; 29,05045
29.06.2016 07:32;804; 26,45751
29.06.2016 07:32;813; 24,96426
29.06.2016 07:32;806; 24,56769
29.06.2016 07:32;804; 24,48031
29.06.2016 07:32;770; 25,94637
29.06.2016 07:32;749; 25,62086
29.06.2016 07:32;724; 23,30849
29.06.2016 07:32;703; 21,95938
29.06.2016 07:33;690; 20,29074
29.06.2016 07:33;697; 19,66324
29.06.2016 07:33;726; 21,0747
29.06.2016 07:33;770; 24,12764
29.06.2016 07:33;815; 26,65923
29.06.2016 07:33;830; 24,97284
29.06.2016 07:33;844; 24,67937
29.06.2016 07:33;845; 24,25902
29.06.2016 07:33;834; 24,31784
29.06.2016 07:33;805; 25,45444
29.06.2016 07:33;771; 27,02248
29.06.2016 07:33;739; 26,84745
29.06.2016 07:33;716; 26,96426
29.06.2016 07:33;694; 26,77686
29.06.2016 07:33;680; 26,44806
29.06.2016 07:33;686; 26,26785
29.06.2016 07:33;721; 27,82086
29.06.2016 07:33;766; 29,30139
29.06.2016 07:33;820; 30,47247
29.06.2016 07:33;841; 28,55571
29.06.2016 07:33;855; 28,51942
29.06.2016 07:33;865; 28,39894
29.06.2016 07:33;875; 28,52317
29.06.2016 07:33;846; 29,41088
29.06.2016 07:33;810; 29,9583
29.06.2016 07:33;775; 30,04045
29.06.2016 07:33;748; 29,68766
29.06.2016 07:33;719; 30,06065
29.06.2016 07:33;710; 29,57798
29.06.2016 07:33;703; 29,39995
29.06.2016 07:33;720; 29,7057
29.06.2016 07:33;746; 29,03815
29.06.2016 07:33;787; 28,61193
29.06.2016 07:33;808; 25,3349
29.06.2016 07:33;811; 24,71841
29.06.2016 07:33;808; 24,44674
29.06.2016 07:33;784; 25,13251
29.06.2016 07:33;767; 25,39966
29.06.2016 07:33;744; 24,95711
29.06.2016 07:33;719; 23,97767
29.06.2016 07:33;700; 22,65423
29.06.2016 07:33;692; 21,58041
29.06.2016 07:33;704; 20,39433
29.06.2016 07:33;726; 21,08825
29.06.2016 07:33;777; 25,03997
29.06.2016 07:33;824; 27,64313
29.06.2016 07:33;842; 27,18456
29.06.2016 07:33;862; 25,44602
29.06.2016 07:33;865; 24,83229
29.06.2016 07:33;850; 25,14103
29.06.2016 07:33;820; 26,3764
29.06.2016 07:33;781; 27,62633
29.06.2016 07:33;750; 28,48182
29.06.2016 07:33;722; 28,7998
29.06.2016 07:33;707; 28,29942
29.06.2016 07:33;703; 27,86062
29.06.2016 07:33;720; 28,14757
29.06.2016 07:33;741; 28,52192
29.06.2016 07:33;782; 29,98333
29.06.2016 07:33;811; 27,80802
29.06.2016 07:33;837; 25,76404
29.06.2016 07:33;844; 25,37997
29.06.2016 07:33;830; 25,09126
29.06.2016 07:33;825; 25,11403
29.06.2016 07:33;801; 25,60831
29.06.2016 07:33;758; 26,89928
29.06.2016 07:33;725; 26,31947
29.06.2016 07:33;697; 26,07818
29.06.2016 07:33;680; 25,39122
29.06.2016 07:33;682; 25,07845
29.06.2016 07:33;712; 26,30725
29.06.2016 07:33;764; 29,40359
29.06.2016 07:33;803; 30,68736
29.06.2016 07:33;827; 29,37321
29.06.2016 07:33;817; 28,45799
29.06.2016 07:33;823; 27,64313
29.06.2016 07:33;824; 27,58105
29.06.2016 07:33;799; 28,13107
29.06.2016 07:33;764; 29,61539
29.06.2016 07:33;740; 29,61539
29.06.2016 07:34;714; 28,16533
29.06.2016 07:34;695; 27,22656
29.06.2016 07:34;690; 26,21205
29.06.2016 07:34;698; 25,90367
29.06.2016 07:34;722; 26,68065
29.06.2016 07:34;777; 29,3878
29.06.2016 07:34;810; 27,35481
29.06.2016 07:34;825; 25,60692
29.06.2016 07:34;839; 25,07133
29.06.2016 07:34;832; 24,99857
29.06.2016 07:34;827; 24,98285
29.06.2016 07:34;795; 26,40482
29.06.2016 07:34;763; 26,93909
29.06.2016 07:34;739; 26,06448
29.06.2016 07:34;722; 25,66821
29.06.2016 07:34;704; 25,17368
29.06.2016 07:34;703; 24,65766
29.06.2016 07:34;715; 24,82942
29.06.2016 07:34;753; 26,74082
29.06.2016 07:34;796; 28,39014
29.06.2016 07:34;828; 25,75017
29.06.2016 07:34;854; 25,17085
29.06.2016 07:34;861; 24,91987
29.06.2016 07:34;861; 24,63737
29.06.2016 07:34;825; 26,38317
29.06.2016 07:34;782; 28,74643
29.06.2016 07:34;747; 28,99507
29.06.2016 07:34;722; 28,49937
29.06.2016 07:34;705; 28,13742
29.06.2016 07:34;704; 27,76946
29.06.2016 07:34;718; 27,60435
29.06.2016 07:34;748; 28,74394
29.06.2016 07:34;790; 30,69086
29.06.2016 07:34;822; 30,19815
29.06.2016 07:34;848; 28,77747
29.06.2016 07:34;876; 28,47806
29.06.2016 07:34;886; 27,7463
29.06.2016 07:34;857; 28,74767
29.06.2016 07:34;803; 32,16698
29.06.2016 07:34;758; 32,96643
29.06.2016 07:34;726; 32,06021
29.06.2016 07:34;702; 31,3289
29.06.2016 07:34;695; 30,66524
29.06.2016 07:34;696; 30,32797
29.06.2016 07:34;712; 30,62679
29.06.2016 07:34;750; 32,04907
29.06.2016 07:34;771; 31,53343
29.06.2016 07:34;793; 30,04877
29.06.2016 07:34;797; 28,82583
29.06.2016 07:34;793; 27,99617
29.06.2016 07:34;786; 27,0423
29.06.2016 07:34;773; 27,13327
29.06.2016 07:34;745; 27,05814
29.06.2016 07:34;727; 23,38803
29.06.2016 07:34;716; 20,27313
29.06.2016 07:34;713; 18,39837
29.06.2016 07:34;724; 17,49286
29.06.2016 07:34;744; 18,19537
29.06.2016 07:34;775; 19,99107
29.06.2016 07:34;815; 22,26304
29.06.2016 07:34;856; 22,64004
29.06.2016 07:34;859; 21,94799
29.06.2016 07:34;848; 21,34914
29.06.2016 07:34;848; 21,32236
29.06.2016 07:34;824; 22,24057
29.06.2016 07:34;793; 23,65979
29.06.2016 07:34;767; 24,41311
29.06.2016 07:34;737; 24,58222
29.06.2016 07:34;709; 25,24169
29.06.2016 07:34;695; 25,34758
29.06.2016 07:34;697; 25,34054
29.06.2016 07:34;713; 25,53009
29.06.2016 07:34;748; 26,65923
29.06.2016 07:34;797; 28,52317
29.06.2016 07:34;818; 27,03305
29.06.2016 07:34;839; 25,34195
29.06.2016 07:34;854; 25,64455
29.06.2016 07:34;825; 26,6284
29.06.2016 07:34;814; 26,79019
29.06.2016 07:35;776; 27,92336
29.06.2016 07:35;747; 27,76946
29.06.2016 07:35;729; 27,313
29.06.2016 07:35;714; 26,41563
29.06.2016 07:35;713; 25,3349
29.06.2016 07:35;719; 25,10834
29.06.2016 07:35;727; 25,19354
29.06.2016 07:35;768; 27,13853
29.06.2016 07:35;796; 26,55184
29.06.2016 07:35;802; 23,15322
29.06.2016 07:35;802; 22,46267
29.06.2016 07:35;770; 23,37123
29.06.2016 07:35;748; 23,76372
29.06.2016 07:35;720; 23,6779
29.06.2016 07:35;695; 24,42627
29.06.2016 07:35;682; 22,48491
29.06.2016 07:35;674; 21,21489
29.06.2016 07:35;655; 21,27708
29.06.2016 07:35;662; 20,97958
29.06.2016 07:35;658; 21,0051
29.06.2016 07:35;648; 21,11364
29.06.2016 07:35;669; 21,74199
29.06.2016 07:35;684; 19,20193
29.06.2016 07:35;687; 17,7019
29.06.2016 07:35;764; 27,09771
29.06.2016 07:35;818; 30,70133
29.06.2016 07:35;820; 29,49092
29.06.2016 07:35;801; 29,34159
29.06.2016 07:35;779; 28,97413
29.06.2016 07:35;748; 29,38537
29.06.2016 07:35;719; 30,19106
29.06.2016 07:35;698; 30,63378
29.06.2016 07:35;683; 30,47481
29.06.2016 07:35;683; 30,41734
29.06.2016 07:35;702; 30,81975
29.06.2016 07:35;733; 31,80184
29.06.2016 07:35;769; 32,74796
29.06.2016 07:35;808; 34,1321
29.06.2016 07:35;819; 34,24909
29.06.2016 07:35;810; 27,48246
29.06.2016 07:35;800; 23,54024
29.06.2016 07:35;781; 24,07577
29.06.2016 07:35;763; 24,02082
29.06.2016 07:35;740; 24,08764
29.06.2016 07:35;716; 23,50988
29.06.2016 07:35;698; 22,71092
29.06.2016 07:35;686; 22,23896
29.06.2016 07:35;695; 22,00649
29.06.2016 07:35;721; 23,07751
29.06.2016 07:35;787; 28,59945
29.06.2016 07:35;832; 29,89864
29.06.2016 07:35;845; 28,52067
29.06.2016 07:35;855; 26,68199
29.06.2016 07:35;858; 26,53165
29.06.2016 07:35;845; 26,64985
29.06.2016 07:35;812; 27,94382
29.06.2016 07:35;782; 28,62441
29.06.2016 07:35;750; 29,48486
29.06.2016 07:35;721; 29,86039
29.06.2016 07:35;698; 29,80412
29.06.2016 07:35;690; 29,49092
29.06.2016 07:35;699; 29,41453
29.06.2016 07:35;700; 29,31723
29.06.2016 07:35;728; 29,4485
29.06.2016 07:35;749; 24,23987
29.06.2016 07:35;759; 21,21489
29.06.2016 07:35;764; 20,97107
29.06.2016 07:35;766; 20,80694
29.06.2016 07:35;766; 20,79148
29.06.2016 07:35;757; 20,63977
29.06.2016 07:35;738; 19,33908
29.06.2016 07:35;719; 18,31666
29.06.2016 07:35;706; 16,56589
29.06.2016 07:35;690; 15,25263
29.06.2016 07:35;688; 13,96935
29.06.2016 07:35;705; 14,53321
29.06.2016 07:35;723; 15,11858
29.06.2016 07:35;768; 19,31691
29.06.2016 07:35;798; 19,5302
29.06.2016 07:35;807; 18,86039
29.06.2016 07:35;800; 18,76357
29.06.2016 07:35;791; 18,86986
29.06.2016 07:35;770; 19,67958
29.06.2016 07:36;750; 20,39258
29.06.2016 07:36;722; 21,58869
29.06.2016 07:36;707; 21,36252
29.06.2016 07:36;690; 21,24181
29.06.2016 07:36;685; 20,9983
29.06.2016 07:36;689; 20,58606
29.06.2016 07:36;700; 20,78805
29.06.2016 07:36;731; 21,91216
29.06.2016 07:36;774; 24,27079
29.06.2016 07:36;823; 24,81791
29.06.2016 07:36;832; 23,60993
29.06.2016 07:36;845; 23,74267
29.06.2016 07:36;872; 24,74441
29.06.2016 07:36;872; 24,62722
29.06.2016 07:36;829; 26,59081
29.06.2016 07:36;797; 27,41611
29.06.2016 07:36;759; 28,2628
29.06.2016 07:36;734; 28,76382
29.06.2016 07:36;705; 29,44123
29.06.2016 07:36;683; 29,99286
29.06.2016 07:36;677; 30,01666
29.06.2016 07:36;686; 29,96903
29.06.2016 07:36;717; 29,96903
29.06.2016 07:36;756; 29,57557
29.06.2016 07:36;789; 27,94638
29.06.2016 07:36;789; 27,84267
29.06.2016 07:36;802; 27,84267
29.06.2016 07:36;796; 26,93909
29.06.2016 07:36;778; 27,36525
29.06.2016 07:36;757; 25,46146
29.06.2016 07:36;736; 24,63012
Exp-Phase;;
29.06.2016 07:36;717; 23,00621
29.06.2016 07:36;708; 22,14562
29.06.2016 07:36;714; 20,80694
29.06.2016 07:36;733; 20,59473
29.06.2016 07:36;784; 24,64462
29.06.2016 07:36;821; 26,44536
29.06.2016 07:36;839; 25,57063
29.06.2016 07:36;840; 23,35135
29.06.2016 07:36;795; 24,74152
29.06.2016 07:36;764; 26,09187
29.06.2016 07:36;727; 27,68574
29.06.2016 07:36;718; 27,74372
29.06.2016 07:36;700; 27,74372
29.06.2016 07:36;680; 27,6909
29.06.2016 07:36;671; 27,22263
29.06.2016 07:36;673; 26,75017
29.06.2016 07:36;688; 26,94174
29.06.2016 07:36;710; 27,52921
29.06.2016 07:36;736; 27,93487
29.06.2016 07:36;772; 26,21341
29.06.2016 07:36;796; 25,10976
29.06.2016 07:36;791; 24,68082
29.06.2016 07:36;772; 25,19637
29.06.2016 07:36;745; 23,28703
29.06.2016 07:36;730; 22,12949
29.06.2016 07:36;707; 20,72955
29.06.2016 07:36;693; 20,92674
29.06.2016 07:36;686; 20,45203
29.06.2016 07:36;694; 19,85663
29.06.2016 07:36;709; 20,11396
29.06.2016 07:36;747; 22,52617
29.06.2016 07:36;781; 23,95681
29.06.2016 07:36;811; 24,56915
29.06.2016 07:36;831; 24,16461
29.06.2016 07:36;823; 22,26945
29.06.2016 07:36;794; 22,69046
29.06.2016 07:36;767; 23,77273
29.06.2016 07:36;739; 24,39994
29.06.2016 07:36;719; 23,91353
29.06.2016 07:36;697; 24,29727
29.06.2016 07:36;675; 24,23103
29.06.2016 07:36;668; 24,01339
29.06.2016 07:36;677; 24,06093
29.06.2016 07:36;701; 24,80927
29.06.2016 07:36;746; 27,27767
29.06.2016 07:36;774; 26,3994
29.06.2016 07:36;806; 26,22022
29.06.2016 07:36;819; 25,20487
29.06.2016 07:36;834; 24,95568
29.06.2016 07:36;834; 24,86391
29.06.2016 07:37;803; 25,03569
29.06.2016 07:37;772; 25,36449
29.06.2016 07:37;740; 25,7002
29.06.2016 07:37;718; 25,81666
29.06.2016 07:37;702; 25,4993
29.06.2016 07:37;699; 24,8251
29.06.2016 07:37;709; 24,89837
29.06.2016 07:37;739; 26,04666
29.06.2016 07:37;783; 27,84908
29.06.2016 07:37;797; 25,39544
29.06.2016 07:37;814; 24,6895
29.06.2016 07:37;818; 23,18559
29.06.2016 07:37;813; 22,9627
29.06.2016 07:37;799; 22,91755
29.06.2016 07:37;778; 23,59479
29.06.2016 07:37;758; 22,72978
29.06.2016 07:37;740; 21,70583
29.06.2016 07:37;726; 20,29778
29.06.2016 07:37;719; 19,51739
29.06.2016 07:37;725; 19,11058
29.06.2016 07:37;738; 19,40729
29.06.2016 07:37;757; 19,88179
29.06.2016 07:37;787; 19,88179
29.06.2016 07:37;811; 17,26681
29.06.2016 07:37;798; 17,21088
29.06.2016 07:37;800; 16,60895
29.06.2016 07:37;771; 18,29715
29.06.2016 07:37;755; 18,74262
29.06.2016 07:37;732; 19,36676
29.06.2016 07:37;718; 18,90956
29.06.2016 07:37;708; 18,3342
29.06.2016 07:37;716; 17,82053
29.06.2016 07:37;728; 17,71601
29.06.2016 07:37;763; 19,94636
29.06.2016 07:37;788; 20,97447
29.06.2016 07:37;811; 21,57876
29.06.2016 07:37;828; 21,45926
29.06.2016 07:37;836; 20,01963
29.06.2016 07:37;830; 19,03193
29.06.2016 07:37;807; 19,6959
29.06.2016 07:37;783; 20,70714
29.06.2016 07:37;758; 20,33119
29.06.2016 07:37;737; 20,65361
29.06.2016 07:37;714; 20,65361
29.06.2016 07:37;700; 20,65361
29.06.2016 07:37;703; 20,49564
29.06.2016 07:37;732; 21,8076
29.06.2016 07:37;775; 24,44089
29.06.2016 07:37;798; 23,40177
29.06.2016 07:37;803; 22,46744
29.06.2016 07:37;806; 21,62505
29.06.2016 07:37;810; 21,16938
29.06.2016 07:37;787; 21,93985
29.06.2016 07:37;777; 22,04379
29.06.2016 07:37;764; 21,45261
29.06.2016 07:37;734; 21,98538
29.06.2016 07:37;718; 21,37756
29.06.2016 07:37;707; 20,8361
29.06.2016 07:37;710; 19,92486
29.06.2016 07:37;727; 20,09086
29.06.2016 07:37;770; 23,13161
29.06.2016 07:37;834; 27,70508
29.06.2016 07:37;862; 26,29639
29.06.2016 07:37;874; 25,7682
29.06.2016 07:37;873; 25,73491
29.06.2016 07:37;854; 26,21886
29.06.2016 07:37;821; 27,64184
29.06.2016 07:37;787; 28,44041
29.06.2016 07:37;751; 29,90461
29.06.2016 07:37;724; 30,56609
29.06.2016 07:37;705; 29,92968
29.06.2016 07:37;702; 29,63347
29.06.2016 07:37;710; 29,5647
29.06.2016 07:37;753; 31,70962
29.06.2016 07:37;802; 34,00525
29.06.2016 07:37;828; 32,75014
29.06.2016 07:37;842; 28,17801
29.06.2016 07:37;826; 27,50065
29.06.2016 07:37;805; 27,88369
29.06.2016 07:37;775; 29,01231
29.06.2016 07:38;747; 29,52844
29.06.2016 07:38;730; 28,54445
29.06.2016 07:38;719; 27,21869
29.06.2016 07:38;728; 25,57482
29.06.2016 07:38;748; 25,11118
29.06.2016 07:38;783; 26,31132
29.06.2016 07:38;795; 26,49393
29.06.2016 07:38;810; 26,71008
29.06.2016 07:38;815; 24,14835
29.06.2016 07:38;825; 20,46425
29.06.2016 07:38;807; 19,84044
29.06.2016 07:38;779; 20,87206
29.06.2016 07:38;756; 21,33408
29.06.2016 07:38;736; 21,26533
29.06.2016 07:38;712; 20,71404
29.06.2016 07:38;684; 20,71404
29.06.2016 07:38;664; 20,90454
29.06.2016 07:38;677; 20,98639
29.06.2016 07:38;689; 21,09333
29.06.2016 07:38;720; 22,02271
29.06.2016 07:38;724; 19,96604
29.06.2016 07:38;766; 22,67944
29.06.2016 07:38;770; 22,3479
29.06.2016 07:38;783; 22,57685
29.06.2016 07:38;773; 22,57685
29.06.2016 07:38;748; 23,04809
29.06.2016 07:38;735; 22,07455
29.06.2016 07:38;712; 22,07455
29.06.2016 07:38;695; 21,89423
29.06.2016 07:38;678; 21,42095
29.06.2016 07:38;663; 20,46774
29.06.2016 07:38;660; 19,77372
29.06.2016 07:38;676; 19,93023
29.06.2016 07:38;729;0
29.06.2016 07:38;783;0
29.06.2016 07:38;836;0
29.06.2016 07:38;889; 46,20683
29.06.2016 07:38;908; 45,10939
29.06.2016 07:38;907; 45,09752
29.06.2016 07:38;887; 45,28008
29.06.2016 07:38;836; 47,21153
29.06.2016 07:38;790; 48,32627
29.06.2016 07:38;757; 49,00146
29.06.2016 07:38;735; 48,96865
29.06.2016 07:38;723; 48,86278
29.06.2016 07:38;724; 48,65182
29.06.2016 07:38;726; 48,48932
29.06.2016 07:38;728; 48,48564
29.06.2016 07:38;737; 48,35656
29.06.2016 07:38;749; 47,20775
29.06.2016 07:38;746; 23,60387
29.06.2016 07:38;750; 23,07596
29.06.2016 07:38;738; 22,73763
29.06.2016 07:38;721; 23,18559
29.06.2016 07:38;708; 22,82699
29.06.2016 07:38;685; 19,31506
29.06.2016 07:38;671; 15,35997
29.06.2016 07:38;661; 12,85635
29.06.2016 07:38;659; 11,44552
29.06.2016 07:38;681; 12,46137
29.06.2016 07:38;707; 14,26534
29.06.2016 07:38;756; 19,35754
29.06.2016 07:38;793; 21,73049
29.06.2016 07:38;813; 22,2486
29.06.2016 07:38;824; 22,21165
29.06.2016 07:38;827; 22,21165
29.06.2016 07:38;806; 22,8848
29.06.2016 07:38;775; 24,12616
29.06.2016 07:38;744; 25,10122
29.06.2016 07:38;719; 25,74185
29.06.2016 07:38;699; 25,56225
29.06.2016 07:38;695; 25,30951
29.06.2016 07:38;700; 25,20346
29.06.2016 07:38;724; 26,00137
29.06.2016 07:38;759;27
29.06.2016 07:38;785;27
29.06.2016 07:38;785; 23,61144
29.06.2016 07:38;780; 21,48255
29.06.2016 07:38;761; 21,41762
29.06.2016 07:38;725; 23,2947
29.06.2016 07:38;721; 23,30543
29.06.2016 07:38;705; 23,02018
29.06.2016 07:38;689; 21,89912
29.06.2016 07:38;672; 20,7743
29.06.2016 07:39;662; 19,85123
29.06.2016 07:39;675; 19,4312
29.06.2016 07:39;710; 21,539
29.06.2016 07:39;760; 25,31233
29.06.2016 07:39;801; 26,82616
29.06.2016 07:39;825; 25,94775
29.06.2016 07:39;844; 25,5105
29.06.2016 07:39;830; 25,78344
29.06.2016 07:39;823; 25,81666
29.06.2016 07:39;801; 25,98626
29.06.2016 07:39;773; 25,2728
29.06.2016 07:39;744; 26,41293
29.06.2016 07:39;724; 26,60693
29.06.2016 07:39;704; 26,79952
29.06.2016 07:39;705; 26,41293
29.06.2016 07:39;720; 26,58141
29.06.2016 07:39;740; 26,88999
29.06.2016 07:39;778; 27,1793
29.06.2016 07:39;811; 25,25725
29.06.2016 07:39;859; 26,12333
29.06.2016 07:39;851; 25,41372
29.06.2016 07:39;849; 24,90697
29.06.2016 07:39;835; 24,90697
29.06.2016 07:39;807; 25,93949
29.06.2016 07:39;777; 26,50606
29.06.2016 07:39;755; 26,09871
29.06.2016 07:39;738; 25,33208
29.06.2016 07:39;724; 25,04282
29.06.2016 07:39;724; 24,46572
29.06.2016 07:39;737; 24,70974
29.06.2016 07:39;775; 26,41293
29.06.2016 07:39;794; 26,36014
29.06.2016 07:39;813; 24,84955
29.06.2016 07:39;823; 23,38498
29.06.2016 07:39;838; 19,95889
29.06.2016 07:39;835; 19,86023
29.06.2016 07:39;828; 19,94098
29.06.2016 07:39;807; 20,37506
29.06.2016 07:39;774; 20,90284
29.06.2016 07:39;759; 19,71584
29.06.2016 07:39;749; 19,00752
29.06.2016 07:39;745; 18,48745
29.06.2016 07:39;753; 18,23067
29.06.2016 07:39;772; 18,92466
29.06.2016 07:39;807; 20,82238
29.06.2016 07:39;821; 18,55879
29.06.2016 07:39;824; 17,86857
29.06.2016 07:39;829; 17,18388
29.06.2016 07:39;817; 17,27509
29.06.2016 07:39;805; 17,10681
29.06.2016 07:39;787; 17,75226
29.06.2016 07:39;758; 19,27989
29.06.2016 07:39;744; 18,82058
29.06.2016 07:39;740; 16,66047
29.06.2016 07:39;728; 16,48593
29.06.2016 07:39;738; 16,48593
29.06.2016 07:39;766; 18,07326
29.06.2016 07:39;818; 22,69833
29.06.2016 07:39;849; 23,62354
29.06.2016 07:39;840; 21,82561
29.06.2016 07:39;829; 21,70253
29.06.2016 07:39;793; 23,72612
29.06.2016 07:39;759; 25,37152
29.06.2016 07:39;738; 25,78621
29.06.2016 07:39;722; 25,94087
29.06.2016 07:39;708; 25,76404
29.06.2016 07:39;700; 24,66345
29.06.2016 07:39;711; 24,5546
29.06.2016 07:39;733; 25,22612
29.06.2016 07:39;766; 26,53031
29.06.2016 07:39;792; 27,29469
29.06.2016 07:39;811; 26,73548
29.06.2016 07:39;816; 22,87856
29.06.2016 07:39;799; 21,80433
29.06.2016 07:39;769; 23,10689
29.06.2016 07:39;742; 24,02826
29.06.2016 07:39;712; 23,43227
29.06.2016 07:39;689; 22,45631
29.06.2016 07:40;669; 22,39101
29.06.2016 07:40;667; 21,98538
29.06.2016 07:40;677; 21,82888
29.06.2016 07:40;693; 22,14078
29.06.2016 07:40;721; 23,18559
29.06.2016 07:40;744; 23,2548
29.06.2016 07:40;751; 21,59861
29.06.2016 07:40;777; 21,59861
29.06.2016 07:40;772; 21,03568
29.06.2016 07:40;769; 21,0085
29.06.2016 07:40;757; 20,76054
29.06.2016 07:40;733; 20,19547
29.06.2016 07:40;706; 20,19547
29.06.2016 07:40;676; 20,19547
29.06.2016 07:40;665; 19,46058
29.06.2016 07:40;653; 18,98496
29.06.2016 07:40;644; 19,12926
29.06.2016 07:40;640; 18,97178
29.06.2016 07:40;665; 19,65415
29.06.2016 07:40;728; 24,7747
29.06.2016 07:40;826; 35,52464
29.06.2016 07:40;847; 35,91657
29.06.2016 07:40;856; 35,31997
29.06.2016 07:40;867; 35,4169
29.06.2016 07:40;845; 35,8927
29.06.2016 07:40;832; 35,91756
29.06.2016 07:40;794; 36,77052
29.06.2016 07:40;765; 36,87915
29.06.2016 07:40;750; 36,21957
29.06.2016 07:40;739; 36,21957
29.06.2016 07:40;742; 36,0862
29.06.2016 07:40;762; 36,40055
29.06.2016 07:40;805; 38,15663
29.06.2016 07:40;810; 37,59084
29.06.2016 07:40;821; 33,73743
29.06.2016 07:40;827; 21,3257
29.06.2016 07:40;800; 21,80269
29.06.2016 07:40;783; 22,14078
29.06.2016 07:40;756; 23,10071
29.06.2016 07:40;734; 23,10071
29.06.2016 07:40;716; 23,33912
29.06.2016 07:40;711; 21,05605
29.06.2016 07:40;713; 19,58498
29.06.2016 07:40;732; 19,83143
29.06.2016 07:40;753; 20,39958
29.06.2016 07:40;803; 24,37358
29.06.2016 07:40;824; 24,43358
29.06.2016 07:40;841; 22,03568
29.06.2016 07:40;845; 22,02109
29.06.2016 07:40;822; 22,67314
29.06.2016 07:40;810; 22,84263
29.06.2016 07:40;775; 23,60539
29.06.2016 07:40;746; 24,42627
29.06.2016 07:40;732; 23,63412
29.06.2016 07:40;715; 23,33759
29.06.2016 07:40;704; 23,02483
29.06.2016 07:40;716; 23,20868
29.06.2016 07:40;741; 24,14539
29.06.2016 07:40;773; 25,10691
29.06.2016 07:40;804; 25,83602
29.06.2016 07:40;840; 24,11431
29.06.2016 07:40;838; 23,45817
29.06.2016 07:40;811; 24,11875
29.06.2016 07:40;790; 24,74008
29.06.2016 07:40;750; 26,24064
29.06.2016 07:40;730; 26,58678
29.06.2016 07:40;712; 25,34758
29.06.2016 07:40;697; 24,46426
29.06.2016 07:40;703; 24,22956
29.06.2016 07:40;721; 24,28109
29.06.2016 07:40;762; 26,4764
29.06.2016 07:40;816; 29,98333
29.06.2016 07:40;815; 29,23061
29.06.2016 07:40;822; 28,01403
29.06.2016 07:40;803; 27,23837
29.06.2016 07:40;795; 25,57203
29.06.2016 07:40;784; 25,73491
29.06.2016 07:40;770; 24,98428
29.06.2016 07:40;741; 25,54967
29.06.2016 07:40;726; 23,54934
29.06.2016 07:40;710; 23,32993
29.06.2016 07:41;702; 22,92846
29.06.2016 07:41;696; 22,63215
29.06.2016 07:41;718; 23,3284
29.06.2016 07:41;764; 25,9271
29.06.2016 07:41;827; 28,90749
29.06.2016 07:41;847; 25,6111
29.06.2016 07:41;849; 25,61529
29.06.2016 07:41;831; 25,99588
29.06.2016 07:41;821; 25,6348
29.06.2016 07:41;796; 26,40482
29.06.2016 07:41;764; 27,59917
29.06.2016 07:41;732; 28,6506
29.06.2016 07:41;709; 28,25901
29.06.2016 07:41;689; 28,47932
29.06.2016 07:41;675; 28,40397
29.06.2016 07:41;675; 28,32339
29.06.2016 07:41;699; 28,99631
29.06.2016 07:41;737; 30,15555
29.06.2016 07:41;783; 30,15555
29.06.2016 07:41;795; 25,22187
29.06.2016 07:41;804; 24,76605
29.06.2016 07:41;785; 25,27562
29.06.2016 07:41;766; 25,32785
29.06.2016 07:41;750; 25,54688
29.06.2016 07:41;733; 25,07275
29.06.2016 07:41;689; 26,33981
29.06.2016 07:41;673; 25,27704
29.06.2016 07:41;668; 24,5546
29.06.2016 07:41;664; 23,98958
29.06.2016 07:41;660; 23,72009
29.06.2016 07:41;671; 23,90158
29.06.2016 07:41;712; 25,4993
29.06.2016 07:41;779; 29,45699
29.06.2016 07:41:23, Nachhermessung;;
29.06.2016 07:41;831; 30,16147
29.06.2016 07:41;859; 30,91001
29.06.2016 07:41;858; 30,81743
29.06.2016 07:41;856; 30,40089
29.06.2016 07:41;844; 30,14489
29.06.2016 07:41;830; 30,07372
29.06.2016 07:41;820; 29,84843
29.06.2016 07:41;777; 29,74415
29.06.2016 07:41;748; 30,43846
29.06.2016 07:41;720; 31,31636
29.06.2016 07:41;701; 31,70737
29.06.2016 07:41;702; 31,69047
29.06.2016 07:41;715; 31,74452
29.06.2016 07:41;732; 30,13778
29.06.2016 07:41;755; 25,00857
29.06.2016 07:41;772; 21,28212
29.06.2016 07:41;805; 21,78794
29.06.2016 07:41;808; 21,80105
29.06.2016 07:41;825; 22,26304
29.06.2016 07:41;813; 22,26304
29.06.2016 07:41;811; 21,95287
29.06.2016 07:41;779; 23,40788
29.06.2016 07:41;756; 21,29889
29.06.2016 07:41;734; 20,69161
29.06.2016 07:41;711; 20,24669
29.06.2016 07:41;697; 19,95352
29.06.2016 07:41;706; 20,0962
29.06.2016 07:41;755; 23,73364
29.06.2016 07:41;820; 29,05905
29.06.2016 07:41;878; 32,35628
29.06.2016 07:41;879; 32,03681
29.06.2016 07:41;894; 31,0587
29.06.2016 07:41;887; 31,10466
29.06.2016 07:41;873; 30,9977
29.06.2016 07:41;849; 31,4915
29.06.2016 07:41;815; 32,77194
29.06.2016 07:41;783; 32,77194
29.06.2016 07:41;765; 32,54777
29.06.2016 07:41;731; 33,27698
29.06.2016 07:41;718; 32,88834
29.06.2016 07:41;715; 32,68464
29.06.2016 07:41;739; 33,22112
29.06.2016 07:41;775; 32,01116
29.06.2016 07:41;812; 28,64811
29.06.2016 07:41;841; 25,3081
29.06.2016 07:41;826; 25,62226
29.06.2016 07:41;824; 25,31233
29.06.2016 07:42;801; 25,98076
29.06.2016 07:42;787; 25,98076
29.06.2016 07:42;760; 26,19024
29.06.2016 07:42;738; 25,25725
29.06.2016 07:42;726; 23,98065
29.06.2016 07:42;723; 23,50684
29.06.2016 07:42;738; 22,04703
29.06.2016 07:42;763; 22,77373
29.06.2016 07:42;787; 23,6462
29.06.2016 07:42;818; 24,22071
29.06.2016 07:42;820; 22,23414
29.06.2016 07:42;835; 20,31361
29.06.2016 07:42;819; 19,25765
29.06.2016 07:42;798; 19,65415
29.06.2016 07:42;777; 20,43282
29.06.2016 07:42;753; 20,5148
29.06.2016 07:42;724; 21,60853
29.06.2016 07:42;718; 20,43107
29.06.2016 07:42;718; 19,56674
29.06.2016 07:42;740; 20,17778
29.06.2016 07:42;766; 21,3257
29.06.2016 07:42;795; 22,33351
29.06.2016 07:42;807; 21,55061
29.06.2016 07:42;841; 22,49127
29.06.2016 07:42;866; 21,95124
29.06.2016 07:42;878; 22,17785
29.06.2016 07:42;866; 22,04703
29.06.2016 07:42;839; 22,80037
29.06.2016 07:42;806; 23,79376
29.06.2016 07:42;761; 26,06311
29.06.2016 07:42;737; 26,06311
29.06.2016 07:42;706; 26,22703
29.06.2016 07:42;694; 26,37369
29.06.2016 07:42;692; 26,3791
29.06.2016 07:42;732; 27,84908
29.06.2016 07:42;777; 29,52844
29.06.2016 07:42;837; 32,69556
29.06.2016 07:42;835; 32,54228
29.06.2016 07:42;829; 31,28897
29.06.2016 07:42;810; 30,98617
29.06.2016 07:42;788; 31,3756
29.06.2016 07:42;774; 31,43474
29.06.2016 07:42;756; 30,97119
29.06.2016 07:42;731; 30,43142
29.06.2016 07:42;709; 28,56571
29.06.2016 07:42;694; 28,12345
29.06.2016 07:42;694; 26,87537
29.06.2016 07:42;707; 26,90858
29.06.2016 07:42;711; 26,9245
29.06.2016 07:42;729; 25,1751
29.06.2016 07:42;718; 22,31111
29.06.2016 07:42;721; 15,53337
29.06.2016 07:42;760; 18,69874
29.06.2016 07:42;794; 20,72783
29.06.2016 07:42;788; 20,16007
29.06.2016 07:42;784; 19,31321
29.06.2016 07:42;768; 19,42384
29.06.2016 07:42;735; 20,78289
29.06.2016 07:42;709; 20,87035
29.06.2016 07:42;688; 20,79663
29.06.2016 07:42;666; 21,23676
29.06.2016 07:42;657; 21,37255
29.06.2016 07:42;666; 21,22499
29.06.2016 07:42;698; 22,85826
29.06.2016 07:42;744; 25,5049
29.06.2016 07:42;795; 28,76878
29.06.2016 07:42;801; 28,80228
29.06.2016 07:42;810; 26,95764
29.06.2016 07:42;803; 25,44883
29.06.2016 07:42;785; 25,84984
29.06.2016 07:42;764; 26,4305
29.06.2016 07:42;740; 26,85942
29.06.2016 07:42;721; 25,87332
29.06.2016 07:42;703; 25,38278
29.06.2016 07:42;703; 24,75451
29.06.2016 07:42;721; 24,52258
29.06.2016 07:42;756; 26,13564
29.06.2016 07:42;807; 29,37808
29.06.2016 07:42;858; 31,23643
29.06.2016 07:42;873; 28,99384
29.06.2016 07:43;877; 25,6125
29.06.2016 07:43;864; 25,79729
29.06.2016 07:43;842; 26,3493
29.06.2016 07:43;832; 26,41834
29.06.2016 07:43;809; 26,69403
29.06.2016 07:43;783; 27,00661
29.06.2016 07:43;786; 26,24609
29.06.2016 07:43;760; 26,67128
29.06.2016 07:43;731; 27,35481
29.06.2016 07:43;719; 27,54218
29.06.2016 07:43;708; 27,27767
29.06.2016 07:43;716; 25,7127
29.06.2016 07:43;752; 23,83125
29.06.2016 07:43;820; 26,69136
29.06.2016 07:43;850; 27,57975
29.06.2016 07:43;835; 27,84908
29.06.2016 07:43;818; 28,00255
29.06.2016 07:43;805; 27,59788
29.06.2016 07:43;769; 29,10449
29.06.2016 07:43;751; 28,85184
29.06.2016 07:43;734; 28,36875
29.06.2016 07:43;719; 28,63938
29.06.2016 07:43;732;28
29.06.2016 07:43;762; 28,07515
29.06.2016 07:43;798; 29,50424
29.06.2016 07:43;823; 30,10814
29.06.2016 07:43;832; 30,1283
29.06.2016 07:43;811; 29,09713
29.06.2016 07:43;792; 23,28396
29.06.2016 07:43;772; 22,50397
29.06.2016 07:43;752; 22,78
29.06.2016 07:43;730; 23,0837
29.06.2016 07:43;715; 23,17018
29.06.2016 07:43;704; 21,28212
29.06.2016 07:43;697; 20,81552
29.06.2016 07:43;697; 20,31361
29.06.2016 07:43;709; 20,1707
29.06.2016 07:43;738; 21,32738
29.06.2016 07:43;790; 24,16018
29.06.2016 07:43;849; 27,199
29.06.2016 07:43;859; 26,50067
29.06.2016 07:43;852; 26,45751
29.06.2016 07:43;843; 25,96701
29.06.2016 07:43;832; 25,6348
29.06.2016 07:43;796; 26,8541
29.06.2016 07:43;771; 27,15169
29.06.2016 07:43;745; 27,40308
29.06.2016 07:43;725; 27,63021
29.06.2016 07:43;717; 27,55644
29.06.2016 07:43;714; 27,50455
29.06.2016 07:43;739; 28,30447
29.06.2016 07:43;783; 30,48184
29.06.2016 07:43;825; 31,54475
29.06.2016 07:43;833; 28,39894
29.06.2016 07:43;827; 23,67337
29.06.2016 07:43;795; 25,02855
29.06.2016 07:43;772; 25,70436
29.06.2016 07:43;759; 25,82634
29.06.2016 07:43;736; 26,38452
29.06.2016 07:43;715; 25,20062
29.06.2016 07:43;691; 25,13108
29.06.2016 07:43;678; 24,39994
29.06.2016 07:43;687; 23,92846
29.06.2016 07:43;709; 24,54733
29.06.2016 07:43;745; 26,35337
29.06.2016 07:43;828; 33,79243
29.06.2016 07:43;858; 32,67918
29.06.2016 07:43;850; 30,76524
29.06.2016 07:43;846; 30,70947
29.06.2016 07:43;830; 30,96427
29.06.2016 07:43;798; 30,96427
29.06.2016 07:43;761; 31,91842
29.06.2016 07:43;741; 32,17586
29.06.2016 07:43;717; 32,22798
29.06.2016 07:43;701; 32,02231
29.06.2016 07:43;691; 31,48696
29.06.2016 07:43;706; 31,55041
29.06.2016 07:43;731; 32,16031
29.06.2016 07:43;767; 33,04975
29.06.2016 07:43;804; 33,12854
29.06.2016 07:44;819; 24,9299
29.06.2016 07:44;822; 23,619
29.06.2016 07:44;815; 23,59631
29.06.2016 07:44;785; 24,89837
29.06.2016 07:44;764; 25,16233
29.06.2016 07:44;745; 24,20301
29.06.2016 07:44;715; 23,50076
29.06.2016 07:44;692; 23,69599
29.06.2016 07:44;683; 22,9378
29.06.2016 07:44;676; 22,61321
29.06.2016 07:44;687; 22,64635
29.06.2016 07:44;717; 23,68695
29.06.2016 07:44;767; 26,36285
29.06.2016 07:44;842; 31,68934
29.06.2016 07:44;862; 30,57777
29.06.2016 07:44;868; 30,35622
29.06.2016 07:44;871; 30,35622
29.06.2016 07:44;835; 31,78949
29.06.2016 07:44;791; 32,93283
29.06.2016 07:44;755; 33,84735
29.06.2016 07:44;721; 34,67605
29.06.2016 07:44;687; 34,93872
29.06.2016 07:44;667; 34,80661
29.06.2016 07:44;659; 34,78916
29.06.2016 07:44;661; 34,74294
29.06.2016 07:44;695; 35,79106
29.06.2016 07:44;751; 37,95674
29.06.2016 07:44;826; 40,79128
29.06.2016 07:44;855; 36,36226
29.06.2016 07:44;891; 37,2319
29.06.2016 07:44;901; 37,29324
29.06.2016 07:44;869; 38,25292
29.06.2016 07:44;850; 37,36977
29.06.2016 07:44;812; 36,89657
29.06.2016 07:44;769; 37,42802
29.06.2016 07:44;735; 37,42802
29.06.2016 07:44;711; 36,87043
29.06.2016 07:44;706; 36,50538
29.06.2016 07:44;719; 36,60796
29.06.2016 07:44;756; 37,91626
29.06.2016 07:44;801; 38,72614
29.06.2016 07:44;820; 36,07631
29.06.2016 07:44;844; 30,6734
29.06.2016 07:44;842; 29,68285
29.06.2016 07:44;817; 28,86421
29.06.2016 07:44;806; 28,89019
29.06.2016 07:44;768; 29,40481
29.06.2016 07:44;742; 29,78494
29.06.2016 07:44;721; 28,55696
29.06.2016 07:44;696; 26,9828
29.06.2016 07:44;686; 25,54688
29.06.2016 07:44;692; 24,78046
29.06.2016 07:44;723; 26,09461
29.06.2016 07:44;788; 31,15514
29.06.2016 07:44;833; 31,89828
29.06.2016 07:44;856; 30,17686
29.06.2016 07:44;864; 29,82329
29.06.2016 07:44;852; 29,30139
29.06.2016 07:44;837; 29,56953
29.06.2016 07:44;807; 29,89983
29.06.2016 07:44;760; 32,29772
29.06.2016 07:44;730; 31,69047
29.06.2016 07:44;709; 31,42451
29.06.2016 07:44;694; 31,17806
29.06.2016 07:44;708; 30,68271
29.06.2016 07:44;741; 31,81307
29.06.2016 07:44;791; 34,46841
29.06.2016 07:44;841; 36,02777
29.06.2016 07:44;845; 31,58096
29.06.2016 07:44;862; 29,55262
29.06.2016 07:44;851; 29,05537
29.06.2016 07:44;833; 29,37321
29.06.2016 07:44;810; 29,83766
29.06.2016 07:44;777; 30,8545
29.06.2016 07:44;741; 31,30951
29.06.2016 07:44;721; 29,17313
29.06.2016 07:44;706; 28,33473
29.06.2016 07:44;700; 27,81957
29.06.2016 07:44;717; 27,90161
29.06.2016 07:45;750; 29,02216
29.06.2016 07:45;797; 30,36916
29.06.2016 07:45;858; 31,77263
29.06.2016 07:45;863; 28,85679
29.06.2016 07:45;870; 28,8976
29.06.2016 07:45;853; 28,8976
29.06.2016 07:45;838; 29,02585
29.06.2016 07:45;791; 31,25928
29.06.2016 07:45;749; 32,63981
29.06.2016 07:45;718; 32,49945
29.06.2016 07:45;691; 31,87027
29.06.2016 07:45;680; 31,55607
29.06.2016 07:45;689; 31,39267
29.06.2016 07:45;717; 32,23241
29.06.2016 07:45;769; 34,80558
29.06.2016 07:45;806; 35,09172
29.06.2016 07:45;842; 34,14988
29.06.2016 07:45;857; 30,27375
29.06.2016 07:45;848; 30,33974
29.06.2016 07:45;835; 30,48067
29.06.2016 07:45;817; 30,52165
29.06.2016 07:45;778; 32,00223
29.06.2016 07:45;748; 30,50644
29.06.2016 07:45;716; 29,62745
29.06.2016 07:45;698; 28,84936
29.06.2016 07:45;694; 27,95277
29.06.2016 07:45;711; 28,1666
29.06.2016 07:45;763; 31,31636
29.06.2016 07:45;816; 33,54634
29.06.2016 07:45;867; 33,43651
29.06.2016 07:45;867; 31,94079
29.06.2016 07:45;853; 30,6862
29.06.2016 07:45;836; 30,7606
29.06.2016 07:45;831; 30,69551
29.06.2016 07:45;798; 31,74789
29.06.2016 07:45;764; 32,67043
29.06.2016 07:45;742; 31,51644
29.06.2016 07:45;721; 30,99193
29.06.2016 07:45;708; 29,99047
29.06.2016 07:45;714; 29,64552
29.06.2016 07:45;746; 30,83597
29.06.2016 07:45;789; 32,59272
29.06.2016 07:45;842; 32,70758
29.06.2016 07:45;847; 29,5115
29.06.2016 07:45;840; 26,24201
29.06.2016 07:45;837; 26,25425
29.06.2016 07:45;824; 26,2175
29.06.2016 07:45;803; 26,42374
29.06.2016 07:45;770; 27,82471
29.06.2016 07:45;747; 27,09639
29.06.2016 07:45;730; 25,92847
29.06.2016 07:45;724; 25,30387
29.06.2016 07:45;740; 25,0414
29.06.2016 07:45;787; 27,79902
29.06.2016 07:45;833; 30,35386
29.06.2016 07:45;852; 29,56349
29.06.2016 07:45;872; 27,75788
29.06.2016 07:45;872; 23,87168
29.06.2016 07:45;852; 24,42627
29.06.2016 07:45;848; 24,37798
29.06.2016 07:45;812; 26,19569
29.06.2016 07:45;779; 27,42132
29.06.2016 07:45;741; 28,69794
29.06.2016 07:45;716; 28,11456
29.06.2016 07:45;694; 28,05734
29.06.2016 07:45;684; 27,81572
29.06.2016 07:45;708; 28,50063
29.06.2016 07:45;756; 30,9608
29.06.2016 07:45;812; 32,01228
29.06.2016 07:45;850; 31,25357
29.06.2016 07:45;862; 31,00461
29.06.2016 07:45;870; 30,61512
29.06.2016 07:45;842; 31,51644
29.06.2016 07:45;813; 32,01228
29.06.2016 07:45;785; 32,85792
29.06.2016 07:45;755; 32,42464
29.06.2016 07:45;725; 32,21579
29.06.2016 07:45;708; 30,90885
29.06.2016 07:46;698; 30,29616
29.06.2016 07:46;707; 29,8173
29.06.2016 07:46;726; 30,1283
29.06.2016 07:46;760; 30,80816
29.06.2016 07:46;789; 29,06274
29.06.2016 07:46;801; 25,11829
29.06.2016 07:46;800; 22,97514
29.06.2016 07:46;791; 22,877
29.06.2016 07:46;782; 22,90352
29.06.2016 07:46;760; 22,43085
29.06.2016 07:46;739; 21,78466
29.06.2016 07:46;716; 21,36252
29.06.2016 07:46;695; 20,58085
29.06.2016 07:46;678; 19,49176
29.06.2016 07:46;675; 18,97178
29.06.2016 07:46;693; 19,38888
29.06.2016 07:46;738; 22,68889
29.06.2016 07:46;811; 29,48971
29.06.2016 07:46;860; 30,9608
29.06.2016 07:46;870; 30,0939
29.06.2016 07:46;875; 29,95234
29.06.2016 07:46;864; 30,09509
29.06.2016 07:46;864; 29,99881
29.06.2016 07:46;836; 30,82439
29.06.2016 07:46;793; 32,36731
29.06.2016 07:46;759; 33,14686
29.06.2016 07:46;728; 33,6091
29.06.2016 07:46;717; 33,26731
29.06.2016 07:46;716; 32,95668
29.06.2016 07:46;734; 33,29629
29.06.2016 07:46;761; 33,7279
